,Province,Location,Area,AreaSegment,Price/m2,BedRoom,Toilet,Price,PriceSegment,Province_encoded
0,Phú Thọ,"Thanh Thủy, Phú Thọ",400.0,350m² - 500m²,15750000.0,4.0,4.0,6300000000.0,5 tỷ - 10 tỷ,5
1,Bình Thuận,"Phan Thiết, Bình Thuận",160.0,150m² - 250m²,27500000.0,3.0,3.0,4400000000.0,1 tỷ - 5 tỷ,0
2,Bình Thuận,"Phan Thiết, Bình Thuận",160.0,150m² - 250m²,27500000.0,4.0,3.0,4400000000.0,1 tỷ - 5 tỷ,0
3,Bắc Ninh,"Từ Sơn, Bắc Ninh",180.0,150m² - 250m²,61110000.0,4.0,5.0,11000000000.0,10 tỷ - 20 tỷ,1
4,Nghệ An,"Vinh, Nghệ An",330.0,250m² - 350m²,28790000.0,5.0,5.0,9500000000.0,5 tỷ - 10 tỷ,4
5,Bắc Ninh,"Từ Sơn, Bắc Ninh",180.0,150m² - 250m²,61110000.0,4.0,5.0,11000000000.0,10 tỷ - 20 tỷ,1
6,Bắc Ninh,"Từ Sơn, Bắc Ninh",180.0,150m² - 250m²,61110000.0,4.0,4.0,11000000000.0,10 tỷ - 20 tỷ,1
7,Bắc Ninh,"Từ Sơn, Bắc Ninh",180.0,150m² - 250m²,61110000.0,4.0,4.0,11000000000.0,10 tỷ - 20 tỷ,1
8,Nghệ An,"Vinh, Nghệ An",88.0,50m² - 100m²,84090000.0,5.0,4.0,7400000000.0,5 tỷ - 10 tỷ,4
9,Thanh Hóa,"Sầm Sơn, Thanh Hóa",216.0,150m² - 250m²,53240000.0,8.0,9.0,11500000000.0,10 tỷ - 20 tỷ,6
10,Bắc Ninh,"Từ Sơn, Bắc Ninh",180.0,150m² - 250m²,61110000.0,4.0,5.0,11000000000.0,10 tỷ - 20 tỷ,1
11,Thanh Hóa,"Thanh Hóa, Thanh Hóa",67.5,50m² - 100m²,66670000.0,3.0,3.0,4500000000.0,1 tỷ - 5 tỷ,6
12,Hà Nam,"Kim Bảng, Hà Nam",105.0,100m² - 150m²,63810000.0,6.0,4.0,6700000000.0,5 tỷ - 10 tỷ,2
13,Bình Thuận,"Phan Thiết, Bình Thuận",400.0,350m² - 500m²,31250000.0,3.0,4.0,12500000000.0,10 tỷ - 20 tỷ,0
14,Kiên Giang,"Phú Quốc, Kiên Giang",80.0,50m² - 100m²,125000000.0,5.0,5.0,10000000000.0,5 tỷ - 10 tỷ,3
15,Bình Thuận,"Phan Thiết, Bình Thuận",88.0,50m² - 100m²,56820000.0,3.0,2.0,5000000000.0,1 tỷ - 5 tỷ,0
16,Phú Thọ,"Thanh Thủy, Phú Thọ",303.0,250m² - 350m²,22440000.0,2.0,2.0,6800000000.0,5 tỷ - 10 tỷ,5
17,Bắc Ninh,"Bắc Ninh, Bắc Ninh",106.0,100m² - 150m²,113210000.0,6.0,5.0,12000000000.0,10 tỷ - 20 tỷ,1
18,Bình Thuận,"Phan Thiết, Bình Thuận",187.5,150m² - 250m²,40000000.0,4.0,4.0,7500000000.0,5 tỷ - 10 tỷ,0
19,Thanh Hóa,"Thanh Hóa, Thanh Hóa",90.0,50m² - 100m²,43560000.0,4.0,5.0,3920000000.0,1 tỷ - 5 tỷ,6
20,Bình Thuận,"Phan Thiết, Bình Thuận",100.0,50m² - 100m²,35000000.0,2.0,2.0,3500000000.0,1 tỷ - 5 tỷ,0
21,Bắc Ninh,"Từ Sơn, Bắc Ninh",180.0,150m² - 250m²,77220000.0,4.0,5.0,13900000000.0,10 tỷ - 20 tỷ,1
22,Bắc Ninh,"Từ Sơn, Bắc Ninh",180.0,150m² - 250m²,61110000.0,4.0,5.0,11000000000.0,10 tỷ - 20 tỷ,1
23,Bắc Ninh,"Từ Sơn, Bắc Ninh",120.0,100m² - 150m²,63330000.0,4.0,5.0,7600000000.0,5 tỷ - 10 tỷ,1
24,Bình Thuận,"Phan Thiết, Bình Thuận",200.0,150m² - 250m²,29600000.0,3.0,3.0,5920000000.0,5 tỷ - 10 tỷ,0
25,Phú Thọ,"Thanh Thủy, Phú Thọ",460.0,350m² - 500m²,36960000.0,6.0,6.0,17000000000.0,10 tỷ - 20 tỷ,5
26,Bắc Ninh,"Từ Sơn, Bắc Ninh",120.0,100m² - 150m²,63330000.0,4.0,4.0,7600000000.0,5 tỷ - 10 tỷ,1
27,Bắc Ninh,"Từ Sơn, Bắc Ninh",120.0,100m² - 150m²,63330000.0,4.0,4.0,7600000000.0,5 tỷ - 10 tỷ,1
28,Bắc Ninh,"Từ Sơn, Bắc Ninh",180.0,150m² - 250m²,61110000.0,4.0,4.0,11000000000.0,10 tỷ - 20 tỷ,1
29,Bắc Ninh,"Từ Sơn, Bắc Ninh",120.0,100m² - 150m²,63330000.0,4.0,5.0,7600000000.0,5 tỷ - 10 tỷ,1
30,Bắc Ninh,"Từ Sơn, Bắc Ninh",180.0,150m² - 250m²,77780000.0,4.0,4.0,14000000000.0,10 tỷ - 20 tỷ,1
31,Thanh Hóa,"Sầm Sơn, Thanh Hóa",216.0,150m² - 250m²,48610000.0,7.0,8.0,10500000000.0,10 tỷ - 20 tỷ,6
32,Kiên Giang,"Phú Quốc, Kiên Giang",350.0,250m² - 350m²,28290000.0,3.0,3.0,9900000000.0,5 tỷ - 10 tỷ,3
33,Bình Thuận,"Phan Thiết, Bình Thuận",160.0,150m² - 250m²,28120000.0,4.0,4.0,4500000000.0,1 tỷ - 5 tỷ,0
34,Kiên Giang,"Rạch Giá, Kiên Giang",100.0,50m² - 100m²,18000000.0,2.0,2.0,1800000000.0,1 tỷ - 5 tỷ,3
35,Bắc Ninh,"Từ Sơn, Bắc Ninh",180.0,150m² - 250m²,77220000.0,5.0,5.0,13900000000.0,10 tỷ - 20 tỷ,1
36,Phú Thọ,"Thanh Thủy, Phú Thọ",303.0,250m² - 350m²,17820000.0,4.0,3.0,5400000000.0,5 tỷ - 10 tỷ,5
37,Bắc Ninh,"Từ Sơn, Bắc Ninh",137.5,100m² - 150m²,101090000.0,5.0,5.0,13900000000.0,10 tỷ - 20 tỷ,1
38,Bắc Ninh,"Từ Sơn, Bắc Ninh",180.0,150m² - 250m²,61110000.0,4.0,5.0,11000000000.0,10 tỷ - 20 tỷ,1
39,Bắc Ninh,"Từ Sơn, Bắc Ninh",120.0,100m² - 150m²,63330000.0,4.0,5.0,7600000000.0,5 tỷ - 10 tỷ,1
40,Thanh Hóa,"Thanh Hóa, Thanh Hóa",72.0,50m² - 100m²,52780000.0,4.0,2.0,3800000000.0,1 tỷ - 5 tỷ,6
41,Bắc Ninh,"Từ Sơn, Bắc Ninh",180.0,150m² - 250m²,61110000.0,4.0,5.0,11000000000.0,10 tỷ - 20 tỷ,1
42,Bắc Ninh,"Từ Sơn, Bắc Ninh",120.0,100m² - 150m²,63330000.0,5.0,5.0,7600000000.0,5 tỷ - 10 tỷ,1
43,Bắc Ninh,"Từ Sơn, Bắc Ninh",120.0,100m² - 150m²,63330000.0,4.0,4.0,7600000000.0,5 tỷ - 10 tỷ,1
44,Hà Nam,"Kim Bảng, Hà Nam",105.0,100m² - 150m²,66670000.0,5.0,3.0,7000000000.0,5 tỷ - 10 tỷ,2
45,Phú Thọ,"Thanh Thủy, Phú Thọ",283.0,250m² - 350m²,20140000.0,2.0,2.0,5700000000.0,5 tỷ - 10 tỷ,5
46,Nghệ An,"Vinh, Nghệ An",101.0,100m² - 150m²,71290000.0,4.0,4.0,7200000000.0,5 tỷ - 10 tỷ,4
47,Bắc Ninh,"Từ Sơn, Bắc Ninh",170.0,150m² - 250m²,55880000.0,3.0,4.0,9500000000.0,5 tỷ - 10 tỷ,1
48,Nghệ An,"Vinh, Nghệ An",108.0,100m² - 150m²,63680000.0,5.0,4.0,6880000000.0,5 tỷ - 10 tỷ,4
49,Kiên Giang,"Rạch Giá, Kiên Giang",100.0,50m² - 100m²,28000000.0,1.0,1.0,2800000000.0,1 tỷ - 5 tỷ,3
50,Nghệ An,"Vinh, Nghệ An",88.0,50m² - 100m²,70460000.0,5.0,4.0,6200000000.0,5 tỷ - 10 tỷ,4
51,Nghệ An,"Vinh, Nghệ An",88.0,50m² - 100m²,70460000.0,5.0,4.0,6200000000.0,5 tỷ - 10 tỷ,4
52,Kiên Giang,"Phú Quốc, Kiên Giang",89.0,50m² - 100m²,84270000.0,6.0,4.0,7500000000.0,5 tỷ - 10 tỷ,3
53,Kiên Giang,"Phú Quốc, Kiên Giang",475.0,350m² - 500m²,8950000.0,4.0,4.0,4250000000.0,1 tỷ - 5 tỷ,3
54,Bình Thuận,"Phan Thiết, Bình Thuận",120.0,100m² - 150m²,36250000.0,3.0,3.0,4350000000.0,1 tỷ - 5 tỷ,0
55,Bình Thuận,"Phan Thiết, Bình Thuận",120.0,100m² - 150m²,36250000.0,3.0,3.0,4350000000.0,1 tỷ - 5 tỷ,0
56,Kiên Giang,"Phú Quốc, Kiên Giang",264.0,250m² - 350m²,20000000.0,2.0,2.0,5280000000.0,5 tỷ - 10 tỷ,3
57,Kiên Giang,"Rạch Giá, Kiên Giang",1635.0,Trên 500m²,13460000.0,2.0,2.0,22000000000.0,20 tỷ - 40 tỷ,3
58,Đắk Lắk,"Buôn Ma Thuột, Đắk Lắk",150.9,150m² - 250m²,23800000.0,2.0,2.0,3590000000.0,1 tỷ - 5 tỷ,7
59,Nghệ An,"Vinh, Nghệ An",124.0,100m² - 150m²,108870000.0,6.0,3.0,13500000000.0,10 tỷ - 20 tỷ,4
60,Nghệ An,"Cửa Lò, Nghệ An",130.0,100m² - 150m²,90770000.0,12.0,12.0,11800000000.0,10 tỷ - 20 tỷ,4
61,Nghệ An,"Vinh, Nghệ An",62.0,50m² - 100m²,109680000.0,4.0,2.0,6800000000.0,5 tỷ - 10 tỷ,4
62,Nghệ An,"Yên Thành, Nghệ An",308.0,250m² - 350m²,17860000.0,3.0,1.0,5500000000.0,5 tỷ - 10 tỷ,4
63,Thanh Hóa,"Sầm Sơn, Thanh Hóa",72.6,50m² - 100m²,24790000.0,3.0,2.0,1800000000.0,1 tỷ - 5 tỷ,6
64,Thanh Hóa,"Sầm Sơn, Thanh Hóa",72.6,50m² - 100m²,24790000.0,3.0,2.0,1800000000.0,1 tỷ - 5 tỷ,6
65,Đắk Lắk,"Buôn Ma Thuột, Đắk Lắk",110.0,100m² - 150m²,22270000.0,3.0,2.0,2450000000.0,1 tỷ - 5 tỷ,7
66,Đắk Lắk,"Buôn Ma Thuột, Đắk Lắk",110.0,100m² - 150m²,22270000.0,3.0,2.0,2450000000.0,1 tỷ - 5 tỷ,7
67,Đắk Lắk,"Buôn Ma Thuột, Đắk Lắk",110.0,100m² - 150m²,22270000.0,3.0,2.0,2450000000.0,1 tỷ - 5 tỷ,7
68,Phú Thọ,"Thanh Thủy, Phú Thọ",352.0,350m² - 500m²,17900000.0,4.0,3.0,6300000000.0,5 tỷ - 10 tỷ,5
69,Phú Thọ,"Thanh Thủy, Phú Thọ",396.0,350m² - 500m²,35610000.0,5.0,6.0,14100000000.0,10 tỷ - 20 tỷ,5
70,Phú Thọ,"Thanh Thủy, Phú Thọ",460.0,350m² - 500m²,33040000.0,5.0,6.0,15200000000.0,10 tỷ - 20 tỷ,5
71,Phú Thọ,"Thanh Thủy, Phú Thọ",397.0,350m² - 500m²,24430000.0,6.0,6.0,9700000000.0,5 tỷ - 10 tỷ,5
72,Thanh Hóa,"Thanh Hóa, Thanh Hóa",145.0,100m² - 150m²,51720000.0,14.0,13.0,7500000000.0,5 tỷ - 10 tỷ,6
73,Bắc Ninh,"Từ Sơn, Bắc Ninh",139.0,100m² - 150m²,53960000.0,6.0,6.0,7500000000.0,5 tỷ - 10 tỷ,1
74,Bắc Ninh,"Từ Sơn, Bắc Ninh",194.0,150m² - 250m²,50260000.0,4.0,5.0,9750000000.0,5 tỷ - 10 tỷ,1
75,Đắk Lắk,"Buôn Ma Thuột, Đắk Lắk",352.0,350m² - 500m²,5680000.0,3.0,1.0,2000000000.0,1 tỷ - 5 tỷ,7
76,Kiên Giang,"Rạch Giá, Kiên Giang",100.0,50m² - 100m²,27000000.0,1.0,1.0,2700000000.0,1 tỷ - 5 tỷ,3
77,Thanh Hóa,"Sầm Sơn, Thanh Hóa",228.0,150m² - 250m²,100880000.0,27.0,29.0,23000000000.0,20 tỷ - 40 tỷ,6
78,Thanh Hóa,"Sầm Sơn, Thanh Hóa",228.0,150m² - 250m²,100880000.0,27.0,29.0,23000000000.0,20 tỷ - 40 tỷ,6
79,Hà Nam,"Phủ Lý, Hà Nam",87.8,50m² - 100m²,125280000.0,6.0,3.0,11000000000.0,10 tỷ - 20 tỷ,2
80,Kiên Giang,"Rạch Giá, Kiên Giang",90.0,50m² - 100m²,41670000.0,2.0,2.0,3750000000.0,1 tỷ - 5 tỷ,3
81,Kiên Giang,"Rạch Giá, Kiên Giang",90.0,50m² - 100m²,41670000.0,2.0,2.0,3750000000.0,1 tỷ - 5 tỷ,3
82,Bình Thuận,"Phan Thiết, Bình Thuận",725.0,Trên 500m²,38000000.0,4.0,4.0,27550000000.0,20 tỷ - 40 tỷ,0
83,Bình Thuận,"Phan Thiết, Bình Thuận",230.7,150m² - 250m²,34680000.0,4.0,5.0,8000000000.0,5 tỷ - 10 tỷ,0
84,Kiên Giang,"Rạch Giá, Kiên Giang",80.0,50m² - 100m²,39750000.0,3.0,2.0,3180000000.0,1 tỷ - 5 tỷ,3
85,Nghệ An,"Vinh, Nghệ An",88.0,50m² - 100m²,84090000.0,5.0,4.0,7400000000.0,5 tỷ - 10 tỷ,4
86,Nghệ An,"Vinh, Nghệ An",88.0,50m² - 100m²,84090000.0,5.0,4.0,7400000000.0,5 tỷ - 10 tỷ,4
87,Kiên Giang,"Phú Quốc, Kiên Giang",1132.0,Trên 500m²,12000000.0,3.0,2.0,13580000000.0,10 tỷ - 20 tỷ,3
88,Bình Thuận,"Tuy Phong, Bình Thuận",155.0,150m² - 250m²,10320000.0,2.0,1.0,1600000000.0,1 tỷ - 5 tỷ,0
89,Bình Thuận,"Phan Thiết, Bình Thuận",105.0,100m² - 150m²,49520000.0,3.0,3.0,5200000000.0,5 tỷ - 10 tỷ,0
90,Bình Thuận,"Phan Thiết, Bình Thuận",400.0,350m² - 500m²,37500000.0,3.0,3.0,15000000000.0,10 tỷ - 20 tỷ,0
91,Bắc Ninh,"Từ Sơn, Bắc Ninh",135.0,100m² - 150m²,57780000.0,4.0,5.0,7800000000.0,5 tỷ - 10 tỷ,1
92,Bắc Ninh,"Từ Sơn, Bắc Ninh",100.0,50m² - 100m²,66000000.0,5.0,4.0,6600000000.0,5 tỷ - 10 tỷ,1
93,Bắc Ninh,"Từ Sơn, Bắc Ninh",410.0,350m² - 500m²,13170000.0,1.0,1.0,5400000000.0,5 tỷ - 10 tỷ,1
94,Phú Thọ,"Việt Trì, Phú Thọ",119.4,100m² - 150m²,150000000.0,3.0,2.0,17910000000.0,10 tỷ - 20 tỷ,5
95,Hà Nam,"Phủ Lý, Hà Nam",60.0,50m² - 100m²,81670000.0,3.0,3.0,4900000000.0,1 tỷ - 5 tỷ,2
96,Bình Thuận,"Phan Thiết, Bình Thuận",2200.0,Trên 500m²,100000000.0,58.0,58.0,220000000000.0,100 tỷ - 1000 tỷ,0
97,Kiên Giang,"Rạch Giá, Kiên Giang",91.0,50m² - 100m²,31320000.0,3.0,3.0,2850000000.0,1 tỷ - 5 tỷ,3
98,Kiên Giang,"Rạch Giá, Kiên Giang",80.0,50m² - 100m²,33119999.999999996,3.0,3.0,2650000000.0,1 tỷ - 5 tỷ,3
99,Kiên Giang,"Rạch Giá, Kiên Giang",100.8,100m² - 150m²,16370000.000000002,2.0,1.0,1650000000.0,1 tỷ - 5 tỷ,3
100,Phú Thọ,"Thanh Thủy, Phú Thọ",396.5,350m² - 500m²,35560000.0,5.0,6.0,14100000000.0,10 tỷ - 20 tỷ,5
101,Đắk Lắk,"Buôn Ma Thuột, Đắk Lắk",115.0,100m² - 150m²,28610000.0,3.0,2.0,3290000000.0,1 tỷ - 5 tỷ,7
102,Đắk Lắk,"Buôn Ma Thuột, Đắk Lắk",115.0,100m² - 150m²,28610000.0,3.0,2.0,3290000000.0,1 tỷ - 5 tỷ,7
103,Bắc Ninh,"Từ Sơn, Bắc Ninh",135.0,100m² - 150m²,57040000.0,3.0,5.0,7700000000.0,5 tỷ - 10 tỷ,1
104,Thanh Hóa,"Thanh Hóa, Thanh Hóa",109.0,100m² - 150m²,66060000.0,5.0,5.0,7200000000.0,5 tỷ - 10 tỷ,6
105,Hà Nam,"Phủ Lý, Hà Nam",80.0,50m² - 100m²,62500000.0,7.0,7.0,5000000000.0,1 tỷ - 5 tỷ,2
106,Hà Nam,"Phủ Lý, Hà Nam",60.0,50m² - 100m²,75000000.0,7.0,7.0,4500000000.0,1 tỷ - 5 tỷ,2
107,Hà Nam,"Phủ Lý, Hà Nam",120.0,100m² - 150m²,75000000.0,8.0,8.0,9000000000.0,5 tỷ - 10 tỷ,2
108,Hà Nam,"Phủ Lý, Hà Nam",120.0,100m² - 150m²,70000000.0,10.0,10.0,8400000000.0,5 tỷ - 10 tỷ,2
109,Kiên Giang,"Phú Quốc, Kiên Giang",500.0,350m² - 500m²,19000000.0,3.0,3.0,9500000000.0,5 tỷ - 10 tỷ,3
110,Bắc Ninh,"Từ Sơn, Bắc Ninh",120.0,100m² - 150m²,63330000.0,4.0,4.0,7600000000.0,5 tỷ - 10 tỷ,1
111,Bắc Ninh,"Từ Sơn, Bắc Ninh",75.0,50m² - 100m²,42670000.0,5.0,6.0,3200000000.0,1 tỷ - 5 tỷ,1
112,Bắc Ninh,"Từ Sơn, Bắc Ninh",75.0,50m² - 100m²,68000000.0,3.0,4.0,5100000000.0,5 tỷ - 10 tỷ,1
113,Phú Thọ,"Thanh Thủy, Phú Thọ",536.0,Trên 500m²,30410000.0,4.0,4.0,16300000000.0,10 tỷ - 20 tỷ,5
114,Đắk Lắk,"Buôn Ma Thuột, Đắk Lắk",352.0,350m² - 500m²,5680000.0,3.0,1.0,2000000000.0,1 tỷ - 5 tỷ,7
115,Bình Thuận,"Phan Thiết, Bình Thuận",160.0,150m² - 250m²,28120000.0,4.0,4.0,4500000000.0,1 tỷ - 5 tỷ,0
116,Bình Thuận,"Phan Thiết, Bình Thuận",160.0,150m² - 250m²,28120000.0,4.0,4.0,4500000000.0,1 tỷ - 5 tỷ,0
117,Phú Thọ,"Thanh Thủy, Phú Thọ",300.0,250m² - 350m²,16000000.0,5.0,5.0,4800000000.0,1 tỷ - 5 tỷ,5
118,Bình Thuận,"Phan Thiết, Bình Thuận",120.0,100m² - 150m²,30830000.0,3.0,3.0,3700000000.0,1 tỷ - 5 tỷ,0
119,Bình Thuận,"Phan Thiết, Bình Thuận",67.0,50m² - 100m²,156720000.0,4.0,5.0,10500000000.0,10 tỷ - 20 tỷ,0
120,Bình Thuận,"Phan Thiết, Bình Thuận",160.0,150m² - 250m²,28120000.0,3.0,3.0,4500000000.0,1 tỷ - 5 tỷ,0
121,Đắk Lắk,"Buôn Ma Thuột, Đắk Lắk",72.0,50m² - 100m²,166670000.0,1.0,1.0,12000000000.0,10 tỷ - 20 tỷ,7
122,Bắc Ninh,"Từ Sơn, Bắc Ninh",400.0,350m² - 500m²,47000000.0,6.0,7.0,18800000000.0,10 tỷ - 20 tỷ,1
123,Đắk Lắk,"Buôn Ma Thuột, Đắk Lắk",112.5,100m² - 150m²,28440000.0,2.0,1.0,3200000000.0,1 tỷ - 5 tỷ,7
124,Bình Thuận,"Phan Thiết, Bình Thuận",100.0,50m² - 100m²,45000000.0,3.0,3.0,4500000000.0,1 tỷ - 5 tỷ,0
125,Bắc Ninh,"Từ Sơn, Bắc Ninh",122.0,100m² - 150m²,63120000.0,6.0,7.0,7700000000.0,5 tỷ - 10 tỷ,1
126,Bắc Ninh,"Từ Sơn, Bắc Ninh",180.0,150m² - 250m²,61110000.0,3.0,4.0,11000000000.0,10 tỷ - 20 tỷ,1
127,Đắk Lắk,"Buôn Ma Thuột, Đắk Lắk",129.0,100m² - 150m²,50390000.0,3.0,2.0,6500000000.0,5 tỷ - 10 tỷ,7
128,Phú Thọ,"Thanh Thủy, Phú Thọ",292.5,250m² - 350m²,17520000.0,4.0,4.0,5120000000.0,5 tỷ - 10 tỷ,5
129,Thanh Hóa,"Sầm Sơn, Thanh Hóa",252.0,250m² - 350m²,36000000.0,6.0,6.0,9070000000.0,5 tỷ - 10 tỷ,6
130,Thanh Hóa,"Sầm Sơn, Thanh Hóa",216.0,150m² - 250m²,54170000.0,7.0,7.0,11700000000.0,10 tỷ - 20 tỷ,6
131,Thanh Hóa,"Hoằng Hóa, Thanh Hóa",96.0,50m² - 100m²,62500000.0,5.0,5.0,6000000000.0,5 tỷ - 10 tỷ,6
132,Bình Thuận,"Phan Thiết, Bình Thuận",100.0,50m² - 100m²,65000000.0,5.0,7.0,6500000000.0,5 tỷ - 10 tỷ,0
133,Kiên Giang,"Rạch Giá, Kiên Giang",300.0,250m² - 350m²,28330000.0,5.0,3.0,8500000000.0,5 tỷ - 10 tỷ,3
134,Nghệ An,"Vinh, Nghệ An",144.0,100m² - 150m²,60000000.0,4.0,4.0,8640000000.0,5 tỷ - 10 tỷ,4
135,Thanh Hóa,"Nghi Sơn, Thanh Hóa",698.0,Trên 500m²,150430000.0,81.0,81.0,105000000000.0,100 tỷ - 1000 tỷ,6
136,Kiên Giang,"Châu Thành, Kiên Giang",181.6,150m² - 250m²,17040000.0,3.0,2.0,3100000000.0,1 tỷ - 5 tỷ,3
137,Bắc Ninh,"Từ Sơn, Bắc Ninh",180.0,150m² - 250m²,77780000.0,4.0,5.0,14000000000.0,10 tỷ - 20 tỷ,1
138,Bắc Ninh,"Từ Sơn, Bắc Ninh",100.0,50m² - 100m²,69000000.0,3.0,4.0,6900000000.0,5 tỷ - 10 tỷ,1
139,Bắc Ninh,"Từ Sơn, Bắc Ninh",75.0,50m² - 100m²,69330000.0,6.0,7.0,5200000000.0,5 tỷ - 10 tỷ,1
140,Bắc Ninh,"Từ Sơn, Bắc Ninh",100.0,50m² - 100m²,69000000.0,3.0,4.0,6900000000.0,5 tỷ - 10 tỷ,1
141,Bắc Ninh,"Từ Sơn, Bắc Ninh",75.0,50m² - 100m²,69330000.0,6.0,7.0,5200000000.0,5 tỷ - 10 tỷ,1
142,Bắc Ninh,"Từ Sơn, Bắc Ninh",100.0,50m² - 100m²,69000000.0,3.0,4.0,6900000000.0,5 tỷ - 10 tỷ,1
143,Bắc Ninh,"Từ Sơn, Bắc Ninh",180.0,150m² - 250m²,77220000.0,4.0,5.0,13900000000.0,10 tỷ - 20 tỷ,1
144,Bắc Ninh,"Từ Sơn, Bắc Ninh",180.0,150m² - 250m²,77220000.0,4.0,5.0,13900000000.0,10 tỷ - 20 tỷ,1
145,Bắc Ninh,"Từ Sơn, Bắc Ninh",120.0,100m² - 150m²,91560000.0,4.0,5.0,10990000000.0,10 tỷ - 20 tỷ,1
146,Bắc Ninh,"Từ Sơn, Bắc Ninh",100.0,50m² - 100m²,75000000.0,6.0,6.0,7500000000.0,5 tỷ - 10 tỷ,1
147,Bắc Ninh,"Từ Sơn, Bắc Ninh",139.0,100m² - 150m²,53960000.0,6.0,6.0,7500000000.0,5 tỷ - 10 tỷ,1
148,Bắc Ninh,"Từ Sơn, Bắc Ninh",75.0,50m² - 100m²,56210000.0,6.0,6.0,4219999999.9999995,1 tỷ - 5 tỷ,1
149,Thanh Hóa,"Thanh Hóa, Thanh Hóa",97.5,50m² - 100m²,38500000.0,3.0,2.0,3750000000.0,1 tỷ - 5 tỷ,6
150,Kiên Giang,"Phú Quốc, Kiên Giang",117.0,100m² - 150m²,56410000.0,4.0,5.0,6600000000.0,5 tỷ - 10 tỷ,3
151,Bắc Ninh,"Từ Sơn, Bắc Ninh",90.0,50m² - 100m²,55000000.0,4.0,5.0,4950000000.0,1 tỷ - 5 tỷ,1
152,Bắc Ninh,"Từ Sơn, Bắc Ninh",120.0,100m² - 150m²,55000000.0,4.0,5.0,6600000000.0,5 tỷ - 10 tỷ,1
153,Bắc Ninh,"Từ Sơn, Bắc Ninh",120.0,100m² - 150m²,74170000.0,4.0,5.0,8900000000.0,5 tỷ - 10 tỷ,1
154,Bắc Ninh,"Bắc Ninh, Bắc Ninh",90.0,50m² - 100m²,62220000.0,4.0,4.0,5600000000.0,5 tỷ - 10 tỷ,1
155,Bắc Ninh,"Từ Sơn, Bắc Ninh",120.0,100m² - 150m²,87190000.0,4.0,4.0,10460000000.0,10 tỷ - 20 tỷ,1
156,Đắk Lắk,"Buôn Ma Thuột, Đắk Lắk",124.7,100m² - 150m²,64150000.00000001,3.0,2.0,8000000000.0,5 tỷ - 10 tỷ,7
157,Đắk Lắk,"Buôn Ma Thuột, Đắk Lắk",160.0,150m² - 250m²,68750000.0,3.0,2.0,11000000000.0,10 tỷ - 20 tỷ,7
158,Kiên Giang,"Rạch Giá, Kiên Giang",110.0,100m² - 150m²,26820000.0,5.0,3.0,2950000000.0,1 tỷ - 5 tỷ,3
159,Kiên Giang,"Rạch Giá, Kiên Giang",220.5,150m² - 250m²,8160000.0,2.0,1.0,1800000000.0,1 tỷ - 5 tỷ,3
160,Đắk Lắk,"Buôn Ma Thuột, Đắk Lắk",56.28,50m² - 100m²,79960000.0,1.0,1.0,4500000000.0,1 tỷ - 5 tỷ,7
161,Đắk Lắk,"Buôn Ma Thuột, Đắk Lắk",115.0,100m² - 150m²,91300000.0,2.0,2.0,10500000000.0,10 tỷ - 20 tỷ,7
162,Đắk Lắk,"Buôn Ma Thuột, Đắk Lắk",115.0,100m² - 150m²,91300000.0,2.0,2.0,10500000000.0,10 tỷ - 20 tỷ,7
163,Kiên Giang,"Rạch Giá, Kiên Giang",100.0,50m² - 100m²,35500000.0,3.0,4.0,3550000000.0,1 tỷ - 5 tỷ,3
164,Đắk Lắk,"Buôn Ma Thuột, Đắk Lắk",142.6,100m² - 150m²,12970000.0,2.0,1.0,1850000000.0,1 tỷ - 5 tỷ,7
165,Đắk Lắk,"Buôn Ma Thuột, Đắk Lắk",142.6,100m² - 150m²,12970000.0,2.0,1.0,1850000000.0,1 tỷ - 5 tỷ,7
166,Kiên Giang,"Rạch Giá, Kiên Giang",120.0,100m² - 150m²,47500000.0,4.0,4.0,5700000000.0,5 tỷ - 10 tỷ,3
167,Kiên Giang,"Rạch Giá, Kiên Giang",120.0,100m² - 150m²,47500000.0,4.0,4.0,5700000000.0,5 tỷ - 10 tỷ,3
168,Hà Nam,"Kim Bảng, Hà Nam",127.0,100m² - 150m²,89000000.0,4.0,5.0,11300000000.0,10 tỷ - 20 tỷ,2
169,Phú Thọ,"Việt Trì, Phú Thọ",65.0,50m² - 100m²,58460000.0,3.0,2.0,3800000000.0,1 tỷ - 5 tỷ,5
170,Nghệ An,"Vinh, Nghệ An",85.0,50m² - 100m²,60000000.0,4.0,3.0,5100000000.0,5 tỷ - 10 tỷ,4
171,Bình Thuận,"Phan Thiết, Bình Thuận",100.0,50m² - 100m²,32000000.0,3.0,3.0,3200000000.0,1 tỷ - 5 tỷ,0
172,Bình Thuận,"Phan Thiết, Bình Thuận",100.0,50m² - 100m²,32000000.0,3.0,3.0,3200000000.0,1 tỷ - 5 tỷ,0
173,Kiên Giang,"Rạch Giá, Kiên Giang",48.0,30m² - 50m²,30210000.0,3.0,2.0,1450000000.0,1 tỷ - 5 tỷ,3
174,Nghệ An,"Vinh, Nghệ An",162.0,150m² - 250m²,57910000.0,5.0,6.0,9380000000.0,5 tỷ - 10 tỷ,4
175,Bắc Ninh,"Từ Sơn, Bắc Ninh",120.0,100m² - 150m²,62370000.0,4.0,4.0,7480000000.0,5 tỷ - 10 tỷ,1
176,Kiên Giang,"Phú Quốc, Kiên Giang",90.0,50m² - 100m²,138890000.0,6.0,7.0,12500000000.0,10 tỷ - 20 tỷ,3
177,Kiên Giang,"Phú Quốc, Kiên Giang",110.0,100m² - 150m²,109090000.0,5.0,6.0,12000000000.0,10 tỷ - 20 tỷ,3
178,Kiên Giang,"Phú Quốc, Kiên Giang",110.0,100m² - 150m²,109090000.0,5.0,6.0,12000000000.0,10 tỷ - 20 tỷ,3
179,Bắc Ninh,"Từ Sơn, Bắc Ninh",135.0,100m² - 150m²,56490000.0,4.0,4.0,7630000000.0,5 tỷ - 10 tỷ,1
180,Thanh Hóa,"Thanh Hóa, Thanh Hóa",150.0,100m² - 150m²,60000000.0,6.0,6.0,9000000000.0,5 tỷ - 10 tỷ,6
181,Bắc Ninh,"Từ Sơn, Bắc Ninh",135.0,100m² - 150m²,56490000.0,4.0,4.0,7630000000.0,5 tỷ - 10 tỷ,1
182,Thanh Hóa,"Thanh Hóa, Thanh Hóa",150.0,100m² - 150m²,60000000.0,6.0,6.0,9000000000.0,5 tỷ - 10 tỷ,6
183,Bình Thuận,"Phan Thiết, Bình Thuận",160.0,150m² - 250m²,29060000.0,3.0,3.0,4650000000.0,1 tỷ - 5 tỷ,0
184,Bình Thuận,"Phan Thiết, Bình Thuận",200.0,150m² - 250m²,28000000.0,3.0,3.0,5600000000.0,5 tỷ - 10 tỷ,0
185,Bình Thuận,"Phan Thiết, Bình Thuận",160.0,150m² - 250m²,29690000.0,3.0,3.0,4750000000.0,1 tỷ - 5 tỷ,0
186,Bình Thuận,"Phan Thiết, Bình Thuận",200.0,150m² - 250m²,29750000.0,3.0,3.0,5950000000.0,5 tỷ - 10 tỷ,0
187,Kiên Giang,"Rạch Giá, Kiên Giang",225.0,150m² - 250m²,20890000.0,4.0,2.0,4700000000.0,1 tỷ - 5 tỷ,3
188,Kiên Giang,"Rạch Giá, Kiên Giang",78.0,50m² - 100m²,25510000.0,2.0,1.0,1990000000.0,1 tỷ - 5 tỷ,3
189,Đắk Lắk,"Buôn Ma Thuột, Đắk Lắk",120.0,100m² - 150m²,48330000.0,5.0,6.0,5800000000.0,5 tỷ - 10 tỷ,7
190,Kiên Giang,"Phú Quốc, Kiên Giang",117.0,100m² - 150m²,57260000.0,5.0,3.0,6700000000.0,5 tỷ - 10 tỷ,3
191,Bình Thuận,"Phan Thiết, Bình Thuận",200.0,150m² - 250m²,32500000.0,3.0,3.0,6500000000.0,5 tỷ - 10 tỷ,0
192,Bình Thuận,"Phan Thiết, Bình Thuận",160.0,150m² - 250m²,28120000.0,4.0,4.0,4500000000.0,1 tỷ - 5 tỷ,0
193,Bắc Ninh,"Từ Sơn, Bắc Ninh",180.0,150m² - 250m²,77220000.0,4.0,5.0,13900000000.0,10 tỷ - 20 tỷ,1
194,Bắc Ninh,"Bắc Ninh, Bắc Ninh",140.0,100m² - 150m²,178570000.0,20.0,23.0,25000000000.0,20 tỷ - 40 tỷ,1
195,Thanh Hóa,"Thanh Hóa, Thanh Hóa",89.0,50m² - 100m²,74720000.0,4.0,4.0,6650000000.0,5 tỷ - 10 tỷ,6
196,Hà Nam,"Phủ Lý, Hà Nam",60.0,50m² - 100m²,93330000.0,4.0,3.0,5600000000.0,5 tỷ - 10 tỷ,2
197,Nghệ An,"Vinh, Nghệ An",198.0,150m² - 250m²,70710000.0,5.0,6.0,14000000000.0,10 tỷ - 20 tỷ,4
198,Nghệ An,"Vinh, Nghệ An",198.0,150m² - 250m²,70200000.0,5.0,4.0,13900000000.0,10 tỷ - 20 tỷ,4
199,Bình Thuận,"Phan Thiết, Bình Thuận",121.0,100m² - 150m²,23970000.0,3.0,3.0,2900000000.0,1 tỷ - 5 tỷ,0
200,Bình Thuận,"Phan Thiết, Bình Thuận",200.0,150m² - 250m²,37500000.0,4.0,3.0,7500000000.0,5 tỷ - 10 tỷ,0
201,Bình Thuận,"Phan Thiết, Bình Thuận",200.0,150m² - 250m²,37500000.0,4.0,3.0,7500000000.0,5 tỷ - 10 tỷ,0
202,Thanh Hóa,"Sầm Sơn, Thanh Hóa",216.0,150m² - 250m²,69440000.0,7.0,7.0,15000000000.0,10 tỷ - 20 tỷ,6
203,Bắc Ninh,"Bắc Ninh, Bắc Ninh",75.0,50m² - 100m²,84000000.0,5.0,4.0,6300000000.0,5 tỷ - 10 tỷ,1
204,Kiên Giang,"Rạch Giá, Kiên Giang",80.0,50m² - 100m²,33119999.999999996,3.0,3.0,2650000000.0,1 tỷ - 5 tỷ,3
205,Bắc Ninh,"Từ Sơn, Bắc Ninh",180.0,150m² - 250m²,57280000.0,4.0,5.0,10310000000.0,10 tỷ - 20 tỷ,1
206,Thanh Hóa,"Thanh Hóa, Thanh Hóa",180.0,150m² - 250m²,26670000.0,4.0,2.0,4800000000.0,1 tỷ - 5 tỷ,6
207,Bắc Ninh,"Từ Sơn, Bắc Ninh",135.0,100m² - 150m²,56490000.0,4.0,5.0,7630000000.0,5 tỷ - 10 tỷ,1
208,Phú Thọ,"Thanh Thủy, Phú Thọ",322.4,250m² - 350m²,17060000.0,4.0,3.0,5500000000.0,5 tỷ - 10 tỷ,5
209,Bắc Ninh,"Bắc Ninh, Bắc Ninh",108.0,100m² - 150m²,99070000.0,6.0,6.0,10700000000.0,10 tỷ - 20 tỷ,1
210,Bắc Ninh,"Bắc Ninh, Bắc Ninh",108.0,100m² - 150m²,101850000.0,5.0,5.0,11000000000.0,10 tỷ - 20 tỷ,1
211,Đắk Lắk,"Buôn Ma Thuột, Đắk Lắk",120.0,100m² - 150m²,44170000.0,7.0,5.0,5300000000.0,5 tỷ - 10 tỷ,7
212,Phú Thọ,"Thanh Thủy, Phú Thọ",352.0,350m² - 500m²,17900000.0,4.0,3.0,6300000000.0,5 tỷ - 10 tỷ,5
213,Bắc Ninh,"Từ Sơn, Bắc Ninh",180.0,150m² - 250m²,57780000.0,5.0,5.0,10400000000.0,10 tỷ - 20 tỷ,1
214,Kiên Giang,"Rạch Giá, Kiên Giang",100.0,50m² - 100m²,15900000.0,2.0,2.0,1590000000.0,1 tỷ - 5 tỷ,3
215,Hà Nam,"Kim Bảng, Hà Nam",127.0,100m² - 150m²,89000000.0,4.0,5.0,11300000000.0,10 tỷ - 20 tỷ,2
216,Phú Thọ,"Việt Trì, Phú Thọ",65.0,50m² - 100m²,58460000.0,3.0,2.0,3800000000.0,1 tỷ - 5 tỷ,5
217,Nghệ An,"Vinh, Nghệ An",85.0,50m² - 100m²,60000000.0,4.0,3.0,5100000000.0,5 tỷ - 10 tỷ,4
218,Bình Thuận,"Phan Thiết, Bình Thuận",100.0,50m² - 100m²,32000000.0,3.0,3.0,3200000000.0,1 tỷ - 5 tỷ,0
219,Kiên Giang,"Rạch Giá, Kiên Giang",48.0,30m² - 50m²,30210000.0,3.0,2.0,1450000000.0,1 tỷ - 5 tỷ,3
220,Nghệ An,"Vinh, Nghệ An",162.0,150m² - 250m²,57910000.0,5.0,6.0,9380000000.0,5 tỷ - 10 tỷ,4
221,Bắc Ninh,"Từ Sơn, Bắc Ninh",120.0,100m² - 150m²,62370000.0,4.0,4.0,7480000000.0,5 tỷ - 10 tỷ,1
222,Kiên Giang,"Phú Quốc, Kiên Giang",90.0,50m² - 100m²,138890000.0,6.0,7.0,12500000000.0,10 tỷ - 20 tỷ,3
223,Kiên Giang,"Phú Quốc, Kiên Giang",110.0,100m² - 150m²,109090000.0,5.0,6.0,12000000000.0,10 tỷ - 20 tỷ,3
224,Bắc Ninh,"Từ Sơn, Bắc Ninh",135.0,100m² - 150m²,56490000.0,4.0,4.0,7630000000.0,5 tỷ - 10 tỷ,1
225,Thanh Hóa,"Thanh Hóa, Thanh Hóa",150.0,100m² - 150m²,60000000.0,6.0,6.0,9000000000.0,5 tỷ - 10 tỷ,6
226,Bình Thuận,"Phan Thiết, Bình Thuận",160.0,150m² - 250m²,29060000.0,3.0,3.0,4650000000.0,1 tỷ - 5 tỷ,0
227,Bình Thuận,"Phan Thiết, Bình Thuận",200.0,150m² - 250m²,28000000.0,3.0,3.0,5600000000.0,5 tỷ - 10 tỷ,0
228,Bình Thuận,"Phan Thiết, Bình Thuận",160.0,150m² - 250m²,29690000.0,3.0,3.0,4750000000.0,1 tỷ - 5 tỷ,0
229,Bình Thuận,"Phan Thiết, Bình Thuận",200.0,150m² - 250m²,29750000.0,3.0,3.0,5950000000.0,5 tỷ - 10 tỷ,0
230,Bình Thuận,"Phan Thiết, Bình Thuận",200.0,150m² - 250m²,29750000.0,3.0,3.0,5950000000.0,5 tỷ - 10 tỷ,0
231,Kiên Giang,"Rạch Giá, Kiên Giang",225.0,150m² - 250m²,20890000.0,4.0,2.0,4700000000.0,1 tỷ - 5 tỷ,3
232,Bình Thuận,"Phan Thiết, Bình Thuận",200.0,150m² - 250m²,32500000.0,3.0,3.0,6500000000.0,5 tỷ - 10 tỷ,0
233,Bình Thuận,"Phan Thiết, Bình Thuận",160.0,150m² - 250m²,28120000.0,4.0,4.0,4500000000.0,1 tỷ - 5 tỷ,0
234,Bắc Ninh,"Từ Sơn, Bắc Ninh",180.0,150m² - 250m²,77220000.0,4.0,5.0,13900000000.0,10 tỷ - 20 tỷ,1
235,Bắc Ninh,"Bắc Ninh, Bắc Ninh",140.0,100m² - 150m²,178570000.0,20.0,23.0,25000000000.0,20 tỷ - 40 tỷ,1
236,Thanh Hóa,"Thanh Hóa, Thanh Hóa",89.0,50m² - 100m²,74720000.0,4.0,4.0,6650000000.0,5 tỷ - 10 tỷ,6
237,Nghệ An,"Vinh, Nghệ An",198.0,150m² - 250m²,70710000.0,5.0,6.0,14000000000.0,10 tỷ - 20 tỷ,4
238,Nghệ An,"Vinh, Nghệ An",198.0,150m² - 250m²,70200000.0,5.0,4.0,13900000000.0,10 tỷ - 20 tỷ,4
239,Nghệ An,"Vinh, Nghệ An",198.0,150m² - 250m²,70710000.0,5.0,6.0,14000000000.0,10 tỷ - 20 tỷ,4
240,Nghệ An,"Vinh, Nghệ An",198.0,150m² - 250m²,70200000.0,5.0,4.0,13900000000.0,10 tỷ - 20 tỷ,4
241,Bình Thuận,"Phan Thiết, Bình Thuận",121.0,100m² - 150m²,23970000.0,3.0,3.0,2900000000.0,1 tỷ - 5 tỷ,0
242,Bình Thuận,"Phan Thiết, Bình Thuận",200.0,150m² - 250m²,37500000.0,4.0,3.0,7500000000.0,5 tỷ - 10 tỷ,0
243,Bắc Ninh,"Bắc Ninh, Bắc Ninh",75.0,50m² - 100m²,84000000.0,5.0,4.0,6300000000.0,5 tỷ - 10 tỷ,1
244,Bắc Ninh,"Bắc Ninh, Bắc Ninh",75.0,50m² - 100m²,84000000.0,5.0,4.0,6300000000.0,5 tỷ - 10 tỷ,1
245,Kiên Giang,"Rạch Giá, Kiên Giang",80.0,50m² - 100m²,33119999.999999996,3.0,3.0,2650000000.0,1 tỷ - 5 tỷ,3
246,Bắc Ninh,"Từ Sơn, Bắc Ninh",180.0,150m² - 250m²,57280000.0,4.0,5.0,10310000000.0,10 tỷ - 20 tỷ,1
247,Kiên Giang,"Rạch Giá, Kiên Giang",80.0,50m² - 100m²,33119999.999999996,3.0,3.0,2650000000.0,1 tỷ - 5 tỷ,3
248,Bắc Ninh,"Từ Sơn, Bắc Ninh",180.0,150m² - 250m²,57280000.0,4.0,5.0,10310000000.0,10 tỷ - 20 tỷ,1
249,Thanh Hóa,"Thanh Hóa, Thanh Hóa",180.0,150m² - 250m²,26670000.0,4.0,2.0,4800000000.0,1 tỷ - 5 tỷ,6
250,Bắc Ninh,"Từ Sơn, Bắc Ninh",135.0,100m² - 150m²,56490000.0,4.0,5.0,7630000000.0,5 tỷ - 10 tỷ,1
251,Phú Thọ,"Thanh Thủy, Phú Thọ",322.4,250m² - 350m²,17060000.0,4.0,3.0,5500000000.0,5 tỷ - 10 tỷ,5
252,Bắc Ninh,"Bắc Ninh, Bắc Ninh",108.0,100m² - 150m²,99070000.0,6.0,6.0,10700000000.0,10 tỷ - 20 tỷ,1
253,Bắc Ninh,"Bắc Ninh, Bắc Ninh",108.0,100m² - 150m²,99070000.0,6.0,6.0,10700000000.0,10 tỷ - 20 tỷ,1
254,Bắc Ninh,"Bắc Ninh, Bắc Ninh",108.0,100m² - 150m²,101850000.0,5.0,5.0,11000000000.0,10 tỷ - 20 tỷ,1
255,Đắk Lắk,"Buôn Ma Thuột, Đắk Lắk",120.0,100m² - 150m²,44170000.0,7.0,5.0,5300000000.0,5 tỷ - 10 tỷ,7
256,Phú Thọ,"Thanh Thủy, Phú Thọ",352.0,350m² - 500m²,17900000.0,4.0,3.0,6300000000.0,5 tỷ - 10 tỷ,5
257,Kiên Giang,"Rạch Giá, Kiên Giang",100.0,50m² - 100m²,15900000.0,2.0,2.0,1590000000.0,1 tỷ - 5 tỷ,3
258,Bắc Ninh,"Yên Phong, Bắc Ninh",4200.0,Trên 500m²,15480000.0,108.0,108.0,65000000000.0,60 tỷ - 100 tỷ,1
259,Bắc Ninh,"Bắc Ninh, Bắc Ninh",120.0,100m² - 150m²,48330000.0,4.0,4.0,5800000000.0,5 tỷ - 10 tỷ,1
260,Phú Thọ,"Thanh Thủy, Phú Thọ",265.0,250m² - 350m²,16000000.0,4.0,4.0,4240000000.0,1 tỷ - 5 tỷ,5
261,Phú Thọ,"Thanh Thủy, Phú Thọ",300.0,250m² - 350m²,16000000.0,5.0,4.0,4800000000.0,1 tỷ - 5 tỷ,5
262,Phú Thọ,"Thanh Thủy, Phú Thọ",300.0,250m² - 350m²,16000000.0,5.0,4.0,4800000000.0,1 tỷ - 5 tỷ,5
263,Bình Thuận,"Phan Thiết, Bình Thuận",160.0,150m² - 250m²,28120000.0,4.0,3.0,4500000000.0,1 tỷ - 5 tỷ,0
264,Bắc Ninh,"Từ Sơn, Bắc Ninh",301.99,250m² - 350m²,100000000.0,5.0,6.0,30200000000.0,20 tỷ - 40 tỷ,1
265,Hà Nam,"Phủ Lý, Hà Nam",60.0,50m² - 100m²,75000000.0,4.0,3.0,4500000000.0,1 tỷ - 5 tỷ,2
266,Đắk Lắk,"Buôn Ma Thuột, Đắk Lắk",250.0,150m² - 250m²,38080000.0,5.0,6.0,9520000000.0,5 tỷ - 10 tỷ,7
267,Đắk Lắk,"Buôn Ma Thuột, Đắk Lắk",316.0,250m² - 350m²,46520000.0,5.0,6.0,14700000000.0,10 tỷ - 20 tỷ,7
268,Đắk Lắk,"Buôn Ma Thuột, Đắk Lắk",250.0,150m² - 250m²,40800000.0,5.0,6.0,10200000000.0,10 tỷ - 20 tỷ,7
269,Bắc Ninh,"Bắc Ninh, Bắc Ninh",82.0,50m² - 100m²,26830000.0,4.0,3.0,2200000000.0,1 tỷ - 5 tỷ,1
270,Bắc Ninh,"Từ Sơn, Bắc Ninh",220.0,150m² - 250m²,86520000.0,5.0,6.0,19030000000.0,10 tỷ - 20 tỷ,1
271,Bắc Ninh,"Từ Sơn, Bắc Ninh",220.0,150m² - 250m²,86520000.0,5.0,6.0,19030000000.0,10 tỷ - 20 tỷ,1
272,Đắk Lắk,"Buôn Ma Thuột, Đắk Lắk",157.7,150m² - 250m²,55800000.0,5.0,5.0,8800000000.0,5 tỷ - 10 tỷ,7
273,Đắk Lắk,"Buôn Ma Thuột, Đắk Lắk",116.0,100m² - 150m²,41550000.0,6.0,5.0,4820000000.0,1 tỷ - 5 tỷ,7
274,Hà Nam,"Phủ Lý, Hà Nam",180.0,150m² - 250m²,83330000.0,6.0,5.0,15000000000.0,10 tỷ - 20 tỷ,2
275,Kiên Giang,"Phú Quốc, Kiên Giang",500.0,350m² - 500m²,27800000.0,3.0,3.0,13900000000.0,10 tỷ - 20 tỷ,3
276,Kiên Giang,"Phú Quốc, Kiên Giang",117.0,100m² - 150m²,59830000.0,3.0,4.0,7000000000.0,5 tỷ - 10 tỷ,3
277,Kiên Giang,"Phú Quốc, Kiên Giang",117.0,100m² - 150m²,66670000.0,3.0,4.0,7800000000.0,5 tỷ - 10 tỷ,3
278,Kiên Giang,"Phú Quốc, Kiên Giang",117.0,100m² - 150m²,66670000.0,3.0,4.0,7800000000.0,5 tỷ - 10 tỷ,3
279,Bình Thuận,"Phan Thiết, Bình Thuận",160.0,150m² - 250m²,28120000.0,3.0,3.0,4500000000.0,1 tỷ - 5 tỷ,0
280,Phú Thọ,"Thanh Thủy, Phú Thọ",350.0,250m² - 350m²,18000000.0,4.0,4.0,6300000000.0,5 tỷ - 10 tỷ,5
281,Nghệ An,"Vinh, Nghệ An",156.0,150m² - 250m²,38460000.0,4.0,5.0,6000000000.0,5 tỷ - 10 tỷ,4
282,Bình Thuận,"Phan Thiết, Bình Thuận",240.0,150m² - 250m²,32080000.0,3.0,3.0,7700000000.0,5 tỷ - 10 tỷ,0
283,Bình Thuận,"Phan Thiết, Bình Thuận",160.0,150m² - 250m²,28120000.0,3.0,3.0,4500000000.0,1 tỷ - 5 tỷ,0
284,Kiên Giang,"Rạch Giá, Kiên Giang",125.0,100m² - 150m²,28720000.0,5.0,4.0,3590000000.0,1 tỷ - 5 tỷ,3
285,Thanh Hóa,"Hoằng Hóa, Thanh Hóa",300.0,250m² - 350m²,73330000.0,39.0,39.0,22000000000.0,20 tỷ - 40 tỷ,6
286,Thanh Hóa,"Hoằng Hóa, Thanh Hóa",96.0,50m² - 100m²,69790000.0,5.0,5.0,6700000000.0,5 tỷ - 10 tỷ,6
287,Đắk Lắk,"Buôn Ma Thuột, Đắk Lắk",250.0,150m² - 250m²,36400000.0,7.0,5.0,9100000000.0,5 tỷ - 10 tỷ,7
288,Bình Thuận,"Phan Thiết, Bình Thuận",153.0,150m² - 250m²,101310000.0,3.0,3.0,15500000000.0,10 tỷ - 20 tỷ,0
289,Bắc Ninh,"Bắc Ninh, Bắc Ninh",80.0,50m² - 100m²,63750000.0,6.0,6.0,5100000000.0,5 tỷ - 10 tỷ,1
290,Bắc Ninh,"Từ Sơn, Bắc Ninh",350.0,250m² - 350m²,41000000.0,6.0,7.0,14350000000.0,10 tỷ - 20 tỷ,1
291,Bắc Ninh,"Từ Sơn, Bắc Ninh",220.0,150m² - 250m²,95460000.0,6.0,6.0,21000000000.0,20 tỷ - 40 tỷ,1
292,Nghệ An,"Vinh, Nghệ An",162.0,150m² - 250m²,47840000.0,4.0,4.0,7750000000.0,5 tỷ - 10 tỷ,4
293,Bình Thuận,"Phan Thiết, Bình Thuận",160.0,150m² - 250m²,28120000.0,3.0,3.0,4500000000.0,1 tỷ - 5 tỷ,0
294,Bình Thuận,"Phan Thiết, Bình Thuận",160.0,150m² - 250m²,28120000.0,3.0,3.0,4500000000.0,1 tỷ - 5 tỷ,0
295,Bắc Ninh,"Từ Sơn, Bắc Ninh",135.0,100m² - 150m²,55970000.0,4.0,4.0,7560000000.0,5 tỷ - 10 tỷ,1
296,Bắc Ninh,"Từ Sơn, Bắc Ninh",180.0,150m² - 250m²,77220000.0,5.0,5.0,13900000000.0,10 tỷ - 20 tỷ,1
297,Kiên Giang,"Rạch Giá, Kiên Giang",90.0,50m² - 100m²,16110000.0,2.0,1.0,1450000000.0,1 tỷ - 5 tỷ,3
298,Kiên Giang,"Rạch Giá, Kiên Giang",90.0,50m² - 100m²,16110000.0,2.0,1.0,1450000000.0,1 tỷ - 5 tỷ,3
299,Đắk Lắk,"Buôn Ma Thuột, Đắk Lắk",160.0,150m² - 250m²,37440000.0,3.0,2.0,5990000000.0,5 tỷ - 10 tỷ,7
300,Kiên Giang,"Rạch Giá, Kiên Giang",107.5,100m² - 150m²,17670000.0,2.0,1.0,1900000000.0,1 tỷ - 5 tỷ,3
301,Hà Nam,"Phủ Lý, Hà Nam",80.0,50m² - 100m²,43750000.0,2.0,2.0,3500000000.0,1 tỷ - 5 tỷ,2
302,Kiên Giang,"Phú Quốc, Kiên Giang",132.0,100m² - 150m²,128789999.99999999,8.0,8.0,17000000000.0,10 tỷ - 20 tỷ,3
303,Thanh Hóa,"Sầm Sơn, Thanh Hóa",190.0,150m² - 250m²,73680000.0,3.0,3.0,14000000000.0,10 tỷ - 20 tỷ,6
304,Thanh Hóa,"Sầm Sơn, Thanh Hóa",190.0,150m² - 250m²,73680000.0,3.0,3.0,14000000000.0,10 tỷ - 20 tỷ,6
305,Bắc Ninh,"Từ Sơn, Bắc Ninh",135.0,100m² - 150m²,55970000.0,4.0,4.0,7560000000.0,5 tỷ - 10 tỷ,1
306,Bắc Ninh,"Từ Sơn, Bắc Ninh",180.0,150m² - 250m²,77220000.0,5.0,5.0,13900000000.0,10 tỷ - 20 tỷ,1
307,Kiên Giang,"Rạch Giá, Kiên Giang",90.0,50m² - 100m²,16110000.0,2.0,1.0,1450000000.0,1 tỷ - 5 tỷ,3
308,Đắk Lắk,"Buôn Ma Thuột, Đắk Lắk",160.0,150m² - 250m²,37440000.0,3.0,2.0,5990000000.0,5 tỷ - 10 tỷ,7
309,Kiên Giang,"Rạch Giá, Kiên Giang",107.5,100m² - 150m²,17670000.0,2.0,1.0,1900000000.0,1 tỷ - 5 tỷ,3
310,Hà Nam,"Phủ Lý, Hà Nam",80.0,50m² - 100m²,43750000.0,2.0,2.0,3500000000.0,1 tỷ - 5 tỷ,2
311,Kiên Giang,"Phú Quốc, Kiên Giang",132.0,100m² - 150m²,128789999.99999999,8.0,8.0,17000000000.0,10 tỷ - 20 tỷ,3
312,Kiên Giang,"Phú Quốc, Kiên Giang",248.0,150m² - 250m²,71770000.0,2.0,3.0,17800000000.0,10 tỷ - 20 tỷ,3
313,Kiên Giang,"Phú Quốc, Kiên Giang",117.0,100m² - 150m²,58970000.0,4.0,5.0,6900000000.0,5 tỷ - 10 tỷ,3
314,Đắk Lắk,"Buôn Ma Thuột, Đắk Lắk",190.0,150m² - 250m²,18680000.0,3.0,1.0,3550000000.0,1 tỷ - 5 tỷ,7
315,Thanh Hóa,"Thanh Hóa, Thanh Hóa",105.0,100m² - 150m²,17140000.0,3.0,2.0,1800000000.0,1 tỷ - 5 tỷ,6
316,Bắc Ninh,"Từ Sơn, Bắc Ninh",120.0,100m² - 150m²,58750000.0,4.0,5.0,7050000000.0,5 tỷ - 10 tỷ,1
317,Kiên Giang,"Rạch Giá, Kiên Giang",100.0,50m² - 100m²,23000000.0,2.0,3.0,2300000000.0,1 tỷ - 5 tỷ,3
318,Kiên Giang,"Rạch Giá, Kiên Giang",76.0,50m² - 100m²,36580000.0,4.0,2.0,2780000000.0,1 tỷ - 5 tỷ,3
319,Kiên Giang,"Rạch Giá, Kiên Giang",120.0,100m² - 150m²,47500000.0,4.0,4.0,5700000000.0,5 tỷ - 10 tỷ,3
320,Kiên Giang,"Phú Quốc, Kiên Giang",280.0,250m² - 350m²,37500000.0,3.0,4.0,10500000000.0,10 tỷ - 20 tỷ,3
321,Kiên Giang,"Hà Tiên, Kiên Giang",135.0,100m² - 150m²,20000000.0,2.0,2.0,2700000000.0,1 tỷ - 5 tỷ,3
322,Nghệ An,"Vinh, Nghệ An",108.0,100m² - 150m²,61200000.0,4.0,3.0,6610000000.0,5 tỷ - 10 tỷ,4
323,Kiên Giang,"Rạch Giá, Kiên Giang",78.0,50m² - 100m²,21150000.0,3.0,2.0,1650000000.0,1 tỷ - 5 tỷ,3
324,Bắc Ninh,"Từ Sơn, Bắc Ninh",100.0,50m² - 100m²,58650000.0,5.0,5.0,5870000000.0,5 tỷ - 10 tỷ,1
325,Bắc Ninh,"Yên Phong, Bắc Ninh",186.0,150m² - 250m²,25000000.0,26.0,26.0,4650000000.0,1 tỷ - 5 tỷ,1
326,Thanh Hóa,"Sầm Sơn, Thanh Hóa",108.0,100m² - 150m²,41670000.0,8.0,9.0,4500000000.0,1 tỷ - 5 tỷ,6
327,Bình Thuận,"Phan Thiết, Bình Thuận",240.0,150m² - 250m²,43750000.0,3.0,3.0,10500000000.0,10 tỷ - 20 tỷ,0
328,Bình Thuận,"Phan Thiết, Bình Thuận",240.0,150m² - 250m²,43750000.0,3.0,3.0,10500000000.0,10 tỷ - 20 tỷ,0
329,Bình Thuận,"Phan Thiết, Bình Thuận",100.0,50m² - 100m²,39000000.0,3.0,3.0,3900000000.0,1 tỷ - 5 tỷ,0
330,Bình Thuận,"Phan Thiết, Bình Thuận",100.0,50m² - 100m²,41000000.0,2.0,2.0,4099999999.9999995,1 tỷ - 5 tỷ,0
331,Hà Nam,"Thanh Liêm, Hà Nam",138.0,100m² - 150m²,42030000.0,6.0,7.0,5800000000.0,5 tỷ - 10 tỷ,2
332,Phú Thọ,"Việt Trì, Phú Thọ",100.0,50m² - 100m²,49990000.0,5.0,5.0,5000000000.0,1 tỷ - 5 tỷ,5
333,Phú Thọ,"Việt Trì, Phú Thọ",75.0,50m² - 100m²,22670000.0,5.0,5.0,1700000000.0,1 tỷ - 5 tỷ,5
334,Bắc Ninh,"Từ Sơn, Bắc Ninh",120.0,100m² - 150m²,63330000.0,4.0,5.0,7600000000.0,5 tỷ - 10 tỷ,1
335,Bắc Ninh,"Từ Sơn, Bắc Ninh",180.0,150m² - 250m²,57220000.0,4.0,5.0,10300000000.0,10 tỷ - 20 tỷ,1
336,Nghệ An,"Vinh, Nghệ An",126.0,100m² - 150m²,182540000.0,4.0,4.0,23000000000.0,20 tỷ - 40 tỷ,4
337,Đắk Lắk,"Buôn Ma Thuột, Đắk Lắk",98.9,50m² - 100m²,38220000.0,3.0,2.0,3780000000.0,1 tỷ - 5 tỷ,7
338,Thanh Hóa,"Thanh Hóa, Thanh Hóa",80.0,50m² - 100m²,59850000.0,5.0,6.0,4790000000.0,1 tỷ - 5 tỷ,6
339,Bắc Ninh,"Từ Sơn, Bắc Ninh",90.0,50m² - 100m²,80000000.0,4.0,5.0,7200000000.0,5 tỷ - 10 tỷ,1
340,Bình Thuận,"Phan Thiết, Bình Thuận",200.0,150m² - 250m²,29750000.0,4.0,4.0,5950000000.0,5 tỷ - 10 tỷ,0
341,Kiên Giang,"Rạch Giá, Kiên Giang",90.0,50m² - 100m²,41670000.0,2.0,2.0,3750000000.0,1 tỷ - 5 tỷ,3
342,Thanh Hóa,"Thanh Hóa, Thanh Hóa",90.0,50m² - 100m²,63330000.0,4.0,4.0,5700000000.0,5 tỷ - 10 tỷ,6
343,Thanh Hóa,"Thanh Hóa, Thanh Hóa",60.0,50m² - 100m²,52720000.0,4.0,3.0,3160000000.0,1 tỷ - 5 tỷ,6
344,Đắk Lắk,"Buôn Ma Thuột, Đắk Lắk",200.0,150m² - 250m²,105000000.0,3.0,3.0,21000000000.0,20 tỷ - 40 tỷ,7
345,Bình Thuận,"Phan Thiết, Bình Thuận",160.0,150m² - 250m²,32500000.0,3.0,3.0,5200000000.0,5 tỷ - 10 tỷ,0
346,Bình Thuận,"Phan Thiết, Bình Thuận",126.0,100m² - 150m²,31750000.0,3.0,3.0,4000000000.0,1 tỷ - 5 tỷ,0
347,Kiên Giang,"Rạch Giá, Kiên Giang",300.0,250m² - 350m²,38330000.0,5.0,5.0,11500000000.0,10 tỷ - 20 tỷ,3
348,Bình Thuận,"Phan Thiết, Bình Thuận",150.0,100m² - 150m²,32670000.0,11.0,11.0,4900000000.0,1 tỷ - 5 tỷ,0
349,Kiên Giang,"Rạch Giá, Kiên Giang",307.0,250m² - 350m²,37460000.0,6.0,6.0,11500000000.0,10 tỷ - 20 tỷ,3
350,Nghệ An,"Vinh, Nghệ An",99.0,50m² - 100m²,72730000.0,4.0,4.0,7200000000.0,5 tỷ - 10 tỷ,4
351,Nghệ An,"Vinh, Nghệ An",99.0,50m² - 100m²,72730000.0,4.0,4.0,7200000000.0,5 tỷ - 10 tỷ,4
352,Bình Thuận,"Phan Thiết, Bình Thuận",160.0,150m² - 250m²,28120000.0,4.0,4.0,4500000000.0,1 tỷ - 5 tỷ,0
353,Bình Thuận,"Phan Thiết, Bình Thuận",400.0,350m² - 500m²,31250000.0,3.0,4.0,12500000000.0,10 tỷ - 20 tỷ,0
354,Bình Thuận,"Phan Thiết, Bình Thuận",400.0,350m² - 500m²,32000000.0,3.0,4.0,12800000000.0,10 tỷ - 20 tỷ,0
355,Hà Nam,"Phủ Lý, Hà Nam",200.0,150m² - 250m²,100000000.0,7.0,7.0,20000000000.0,10 tỷ - 20 tỷ,2
356,Bình Thuận,"Phan Thiết, Bình Thuận",400.0,350m² - 500m²,37500000.0,3.0,4.0,15000000000.0,10 tỷ - 20 tỷ,0
357,Bình Thuận,"Phan Thiết, Bình Thuận",400.0,350m² - 500m²,65000000.0,3.0,4.0,26000000000.0,20 tỷ - 40 tỷ,0
358,Bình Thuận,"Phan Thiết, Bình Thuận",160.0,150m² - 250m²,28120000.0,3.0,3.0,4500000000.0,1 tỷ - 5 tỷ,0
359,Kiên Giang,"Rạch Giá, Kiên Giang",350.0,250m² - 350m²,7000000.0,3.0,3.0,2450000000.0,1 tỷ - 5 tỷ,3
360,Đắk Lắk,"Buôn Ma Thuột, Đắk Lắk",80.0,50m² - 100m²,237500000.0,2.0,2.0,19000000000.0,10 tỷ - 20 tỷ,7
361,Hà Nam,"Kim Bảng, Hà Nam",105.0,100m² - 150m²,71430000.0,5.0,6.0,7500000000.0,5 tỷ - 10 tỷ,2
362,Hà Nam,"Kim Bảng, Hà Nam",127.0,100m² - 150m²,100000000.0,4.0,5.0,12700000000.0,10 tỷ - 20 tỷ,2
363,Hà Nam,"Kim Bảng, Hà Nam",105.0,100m² - 150m²,71430000.0,4.0,5.0,7500000000.0,5 tỷ - 10 tỷ,2
364,Bắc Ninh,"Từ Sơn, Bắc Ninh",170.0,150m² - 250m²,54180000.0,3.0,4.0,9210000000.0,5 tỷ - 10 tỷ,1
365,Bắc Ninh,"Từ Sơn, Bắc Ninh",100.0,50m² - 100m²,69000000.0,4.0,5.0,6900000000.0,5 tỷ - 10 tỷ,1
366,Đắk Lắk,"Buôn Ma Thuột, Đắk Lắk",240.0,150m² - 250m²,39580000.0,5.0,6.0,9500000000.0,5 tỷ - 10 tỷ,7
367,Bình Thuận,"La Gi, Bình Thuận",159.6,150m² - 250m²,15040000.0,2.0,1.0,2400000000.0,1 tỷ - 5 tỷ,0
368,Kiên Giang,"Phú Quốc, Kiên Giang",460.0,350m² - 500m²,22830000.0,3.0,3.0,10500000000.0,10 tỷ - 20 tỷ,3
369,Kiên Giang,"Phú Quốc, Kiên Giang",560.0,Trên 500m²,25000000.0,4.0,4.0,14000000000.0,10 tỷ - 20 tỷ,3
370,Bắc Ninh,"Từ Sơn, Bắc Ninh",75.0,50m² - 100m²,58670000.0,6.0,6.0,4400000000.0,1 tỷ - 5 tỷ,1
371,Nghệ An,"Vinh, Nghệ An",88.0,50m² - 100m²,84090000.0,4.0,4.0,7400000000.0,5 tỷ - 10 tỷ,4
372,Bình Thuận,"Phan Thiết, Bình Thuận",160.0,150m² - 250m²,28120000.0,2.0,2.0,4500000000.0,1 tỷ - 5 tỷ,0
373,Bắc Ninh,"Từ Sơn, Bắc Ninh",135.0,100m² - 150m²,57040000.0,4.0,5.0,7700000000.0,5 tỷ - 10 tỷ,1
374,Bình Thuận,"La Gi, Bình Thuận",1020.0,Trên 500m²,69120000.0,3.0,2.0,70500000000.0,60 tỷ - 100 tỷ,0
375,Bắc Ninh,"Từ Sơn, Bắc Ninh",135.0,100m² - 150m²,56520000.0,4.0,4.0,7630000000.0,5 tỷ - 10 tỷ,1
376,Hà Nam,"Phủ Lý, Hà Nam",46.0,30m² - 50m²,40000000.0,3.0,1.0,1840000000.0,1 tỷ - 5 tỷ,2
377,Bình Thuận,"Phan Thiết, Bình Thuận",200.0,150m² - 250m²,29750000.0,3.0,3.0,5950000000.0,5 tỷ - 10 tỷ,0
378,Bình Thuận,"Phan Thiết, Bình Thuận",86.0,50m² - 100m²,10460000.0,2.0,1.0,900000000.0,500 triệu - 1 tỷ,0
379,Bắc Ninh,"Từ Sơn, Bắc Ninh",390.0,350m² - 500m²,33000000.0,6.0,6.0,12870000000.0,10 tỷ - 20 tỷ,1
380,Thanh Hóa,"Thanh Hóa, Thanh Hóa",120.0,100m² - 150m²,83330000.0,4.0,3.0,10000000000.0,5 tỷ - 10 tỷ,6
381,Bình Thuận,"Phan Thiết, Bình Thuận",160.0,150m² - 250m²,28440000.0,4.0,4.0,4550000000.0,1 tỷ - 5 tỷ,0
382,Nghệ An,"Vinh, Nghệ An",90.0,50m² - 100m²,86670000.0,5.0,4.0,7800000000.0,5 tỷ - 10 tỷ,4
383,Bắc Ninh,"Từ Sơn, Bắc Ninh",180.0,150m² - 250m²,61110000.0,3.0,4.0,11000000000.0,10 tỷ - 20 tỷ,1
384,Kiên Giang,"Phú Quốc, Kiên Giang",120.0,100m² - 150m²,44170000.0,2.0,1.0,5300000000.0,5 tỷ - 10 tỷ,3
385,Kiên Giang,"Phú Quốc, Kiên Giang",1000.0,Trên 500m²,8500000.0,2.0,2.0,8500000000.0,5 tỷ - 10 tỷ,3
386,Kiên Giang,"Phú Quốc, Kiên Giang",280.0,250m² - 350m²,48930000.0,3.0,5.0,13700000000.0,10 tỷ - 20 tỷ,3
387,Kiên Giang,"Phú Quốc, Kiên Giang",423.0,350m² - 500m²,56970000.0,2.0,4.0,24100000000.0,20 tỷ - 40 tỷ,3
388,Kiên Giang,"Phú Quốc, Kiên Giang",115.0,100m² - 150m²,94780000.0,14.0,15.0,10900000000.0,10 tỷ - 20 tỷ,3
389,Kiên Giang,"Phú Quốc, Kiên Giang",159.5,150m² - 250m²,132289999.99999999,10.0,11.0,21100000000.0,20 tỷ - 40 tỷ,3
390,Kiên Giang,"Phú Quốc, Kiên Giang",60.0,50m² - 100m²,113000000.0,5.0,6.0,6780000000.0,5 tỷ - 10 tỷ,3
391,Kiên Giang,"Phú Quốc, Kiên Giang",120.25,100m² - 150m²,100620000.0,22.0,24.0,12100000000.0,10 tỷ - 20 tỷ,3
392,Kiên Giang,"Phú Quốc, Kiên Giang",1500.0,Trên 500m²,57330000.0,3.0,5.0,86000000000.0,60 tỷ - 100 tỷ,3
393,Bình Thuận,"Phan Thiết, Bình Thuận",200.0,150m² - 250m²,29000000.0,4.0,3.0,5800000000.0,5 tỷ - 10 tỷ,0
394,Bình Thuận,"Phan Thiết, Bình Thuận",120.0,100m² - 150m²,41670000.0,3.0,3.0,5000000000.0,1 tỷ - 5 tỷ,0
395,Bình Thuận,"Phan Thiết, Bình Thuận",160.0,150m² - 250m²,28120000.0,3.0,3.0,4500000000.0,1 tỷ - 5 tỷ,0
396,Thanh Hóa,"Hoằng Hóa, Thanh Hóa",96.0,50m² - 100m²,72920000.0,4.0,3.0,7000000000.0,5 tỷ - 10 tỷ,6
397,Bình Thuận,"Phan Thiết, Bình Thuận",400.0,350m² - 500m²,37500000.0,5.0,5.0,15000000000.0,10 tỷ - 20 tỷ,0
398,Bình Thuận,"Phan Thiết, Bình Thuận",1471.0,Trên 500m²,7140000.0,1.0,1.0,10500000000.0,10 tỷ - 20 tỷ,0
399,Bình Thuận,"Phan Thiết, Bình Thuận",400.0,350m² - 500m²,33750000.0,3.0,4.0,13500000000.0,10 tỷ - 20 tỷ,0
400,Bình Thuận,"Phan Thiết, Bình Thuận",357.0,350m² - 500m²,64430000.00000001,34.0,34.0,23000000000.0,20 tỷ - 40 tỷ,0
401,Hà Nam,"Phủ Lý, Hà Nam",160.0,150m² - 250m²,100000000.0,10.0,10.0,16000000000.0,10 tỷ - 20 tỷ,2
402,Hà Nam,"Phủ Lý, Hà Nam",52.0,50m² - 100m²,90000000.0,8.0,8.0,4680000000.0,1 tỷ - 5 tỷ,2
403,Nghệ An,"Vinh, Nghệ An",101.0,100m² - 150m²,71290000.0,6.0,4.0,7200000000.0,5 tỷ - 10 tỷ,4
404,Kiên Giang,"Phú Quốc, Kiên Giang",441.0,350m² - 500m²,45350000.0,4.0,4.0,20000000000.0,10 tỷ - 20 tỷ,3
405,Bình Thuận,"Phan Thiết, Bình Thuận",120.0,100m² - 150m²,42500000.0,3.0,3.0,5100000000.0,5 tỷ - 10 tỷ,0
406,Bình Thuận,"Phan Thiết, Bình Thuận",120.0,100m² - 150m²,32500000.0,3.0,3.0,3900000000.0,1 tỷ - 5 tỷ,0
407,Bình Thuận,"Phan Thiết, Bình Thuận",160.0,150m² - 250m²,28120000.0,4.0,3.0,4500000000.0,1 tỷ - 5 tỷ,0
408,Kiên Giang,"Phú Quốc, Kiên Giang",88.0,50m² - 100m²,61360000.0,2.0,2.0,5400000000.0,5 tỷ - 10 tỷ,3
409,Bình Thuận,"Phan Thiết, Bình Thuận",100.0,50m² - 100m²,40000000.0,2.0,2.0,4000000000.0,1 tỷ - 5 tỷ,0
410,Hà Nam,"Phủ Lý, Hà Nam",200.0,150m² - 250m²,100000000.0,4.0,4.0,20000000000.0,10 tỷ - 20 tỷ,2
411,Thanh Hóa,"Thanh Hóa, Thanh Hóa",144.0,100m² - 150m²,62500000.0,6.0,5.0,9000000000.0,5 tỷ - 10 tỷ,6
412,Bắc Ninh,"Từ Sơn, Bắc Ninh",120.0,100m² - 150m²,58750000.0,4.0,5.0,7050000000.0,5 tỷ - 10 tỷ,1
413,Bắc Ninh,"Từ Sơn, Bắc Ninh",120.0,100m² - 150m²,65420000.0,4.0,5.0,7850000000.0,5 tỷ - 10 tỷ,1
414,Bắc Ninh,"Từ Sơn, Bắc Ninh",180.0,150m² - 250m²,77220000.0,4.0,5.0,13900000000.0,10 tỷ - 20 tỷ,1
415,Đắk Lắk,"Buôn Ma Thuột, Đắk Lắk",105.0,100m² - 150m²,44290000.0,2.0,1.0,4650000000.0,1 tỷ - 5 tỷ,7
416,Thanh Hóa,"Thanh Hóa, Thanh Hóa",79.0,50m² - 100m²,84810000.0,4.0,2.0,6700000000.0,5 tỷ - 10 tỷ,6
417,Kiên Giang,"Phú Quốc, Kiên Giang",117.0,100m² - 150m²,115380000.0,4.0,4.0,13500000000.0,10 tỷ - 20 tỷ,3
418,Bắc Ninh,"Từ Sơn, Bắc Ninh",75.0,50m² - 100m²,69330000.0,6.0,7.0,5200000000.0,5 tỷ - 10 tỷ,1
419,Nghệ An,"Vinh, Nghệ An",127.0,100m² - 150m²,169290000.0,4.0,4.0,21500000000.0,20 tỷ - 40 tỷ,4
420,Nghệ An,"Vinh, Nghệ An",87.5,50m² - 100m²,131430000.0,4.0,4.0,11500000000.0,10 tỷ - 20 tỷ,4
421,Kiên Giang,"Phú Quốc, Kiên Giang",441.0,350m² - 500m²,45350000.0,4.0,4.0,20000000000.0,10 tỷ - 20 tỷ,3
422,Kiên Giang,"Phú Quốc, Kiên Giang",441.0,350m² - 500m²,45350000.0,4.0,4.0,20000000000.0,10 tỷ - 20 tỷ,3
423,Bắc Ninh,"Từ Sơn, Bắc Ninh",75.0,50m² - 100m²,58830000.0,4.0,5.0,4410000000.0,1 tỷ - 5 tỷ,1
424,Bình Thuận,"Phan Thiết, Bình Thuận",120.0,100m² - 150m²,42500000.0,3.0,3.0,5100000000.0,5 tỷ - 10 tỷ,0
425,Bình Thuận,"Phan Thiết, Bình Thuận",120.0,100m² - 150m²,32500000.0,3.0,3.0,3900000000.0,1 tỷ - 5 tỷ,0
426,Bình Thuận,"Phan Thiết, Bình Thuận",160.0,150m² - 250m²,28120000.0,4.0,3.0,4500000000.0,1 tỷ - 5 tỷ,0
427,Kiên Giang,"Phú Quốc, Kiên Giang",88.0,50m² - 100m²,61360000.0,2.0,2.0,5400000000.0,5 tỷ - 10 tỷ,3
428,Bình Thuận,"Phan Thiết, Bình Thuận",100.0,50m² - 100m²,40000000.0,2.0,2.0,4000000000.0,1 tỷ - 5 tỷ,0
429,Hà Nam,"Phủ Lý, Hà Nam",200.0,150m² - 250m²,100000000.0,4.0,4.0,20000000000.0,10 tỷ - 20 tỷ,2
430,Thanh Hóa,"Thanh Hóa, Thanh Hóa",144.0,100m² - 150m²,62500000.0,6.0,5.0,9000000000.0,5 tỷ - 10 tỷ,6
431,Bắc Ninh,"Từ Sơn, Bắc Ninh",120.0,100m² - 150m²,58750000.0,4.0,5.0,7050000000.0,5 tỷ - 10 tỷ,1
432,Bắc Ninh,"Từ Sơn, Bắc Ninh",120.0,100m² - 150m²,65420000.0,4.0,5.0,7850000000.0,5 tỷ - 10 tỷ,1
433,Bắc Ninh,"Từ Sơn, Bắc Ninh",180.0,150m² - 250m²,77220000.0,4.0,5.0,13900000000.0,10 tỷ - 20 tỷ,1
434,Đắk Lắk,"Buôn Ma Thuột, Đắk Lắk",105.0,100m² - 150m²,44290000.0,2.0,1.0,4650000000.0,1 tỷ - 5 tỷ,7
435,Thanh Hóa,"Thanh Hóa, Thanh Hóa",79.0,50m² - 100m²,84810000.0,4.0,2.0,6700000000.0,5 tỷ - 10 tỷ,6
436,Kiên Giang,"Phú Quốc, Kiên Giang",117.0,100m² - 150m²,115380000.0,4.0,4.0,13500000000.0,10 tỷ - 20 tỷ,3
437,Bắc Ninh,"Từ Sơn, Bắc Ninh",75.0,50m² - 100m²,69330000.0,6.0,7.0,5200000000.0,5 tỷ - 10 tỷ,1
438,Nghệ An,"Vinh, Nghệ An",127.0,100m² - 150m²,169290000.0,4.0,4.0,21500000000.0,20 tỷ - 40 tỷ,4
439,Nghệ An,"Vinh, Nghệ An",87.5,50m² - 100m²,131430000.0,4.0,4.0,11500000000.0,10 tỷ - 20 tỷ,4
440,Bình Thuận,"Phan Thiết, Bình Thuận",400.0,350m² - 500m²,40000000.0,5.0,5.0,16000000000.0,10 tỷ - 20 tỷ,0
441,Bắc Ninh,"Bắc Ninh, Bắc Ninh",189.0,150m² - 250m²,149210000.0,6.0,6.0,28200000000.0,20 tỷ - 40 tỷ,1
442,Bình Thuận,"Phan Thiết, Bình Thuận",160.0,150m² - 250m²,28750000.0,4.0,4.0,4600000000.0,1 tỷ - 5 tỷ,0
443,Bắc Ninh,"Bắc Ninh, Bắc Ninh",189.0,150m² - 250m²,149210000.0,6.0,6.0,28200000000.0,20 tỷ - 40 tỷ,1
444,Bình Thuận,"Phan Thiết, Bình Thuận",160.0,150m² - 250m²,28750000.0,4.0,4.0,4600000000.0,1 tỷ - 5 tỷ,0
445,Nghệ An,"Vinh, Nghệ An",158.0,150m² - 250m²,58860000.0,6.0,6.0,9300000000.0,5 tỷ - 10 tỷ,4
446,Bình Thuận,"Phan Thiết, Bình Thuận",187.5,150m² - 250m²,34670000.0,3.0,3.0,6500000000.0,5 tỷ - 10 tỷ,0
447,Bình Thuận,"Phan Thiết, Bình Thuận",160.0,150m² - 250m²,29060000.0,3.0,3.0,4650000000.0,1 tỷ - 5 tỷ,0
448,Đắk Lắk,"Buôn Ma Thuột, Đắk Lắk",118.37,100m² - 150m²,66739999.99999999,3.0,3.0,7900000000.0,5 tỷ - 10 tỷ,7
449,Thanh Hóa,"Hoằng Hóa, Thanh Hóa",300.0,250m² - 350m²,66670000.0,37.0,30.0,20000000000.0,10 tỷ - 20 tỷ,6
450,Kiên Giang,"Rạch Giá, Kiên Giang",80.0,50m² - 100m²,39750000.0,3.0,2.0,3180000000.0,1 tỷ - 5 tỷ,3
451,Thanh Hóa,"Thanh Hóa, Thanh Hóa",450.0,350m² - 500m²,77780000.0,5.0,5.0,35000000000.0,20 tỷ - 40 tỷ,6
452,Đắk Lắk,"Buôn Ma Thuột, Đắk Lắk",150.0,100m² - 150m²,42330000.0,1.0,2.0,6350000000.0,5 tỷ - 10 tỷ,7
453,Bắc Ninh,"Yên Phong, Bắc Ninh",105.0,100m² - 150m²,62380000.0,4.0,3.0,6550000000.0,5 tỷ - 10 tỷ,1
454,Bắc Ninh,"Thuận Thành, Bắc Ninh",126.0,100m² - 150m²,71430000.0,3.0,4.0,9000000000.0,5 tỷ - 10 tỷ,1
455,Bắc Ninh,"Bắc Ninh, Bắc Ninh",283.0,250m² - 350m²,106010000.0,6.0,8.0,30000000000.0,20 tỷ - 40 tỷ,1
456,Bắc Ninh,"Từ Sơn, Bắc Ninh",90.0,50m² - 100m²,97780000.0,4.0,5.0,8800000000.0,5 tỷ - 10 tỷ,1
457,Bắc Ninh,"Từ Sơn, Bắc Ninh",90.0,50m² - 100m²,97780000.0,4.0,5.0,8800000000.0,5 tỷ - 10 tỷ,1
458,Bắc Ninh,"Bắc Ninh, Bắc Ninh",75.0,50m² - 100m²,84000000.0,4.0,3.0,6300000000.0,5 tỷ - 10 tỷ,1
