,city,state,house_size,bed,bath,price,price_range,city_encoded
0,McLean,Virginia,1141.0,2.0,2.0,435000.0,0-2M,0
1,McLean,Virginia,779.0,1.0,1.0,265000.0,0-2M,0
2,McLean,Virginia,6180.0,6.0,6.0,1873990.0,0-2M,0
3,McLean,Virginia,17743.0,8.0,10.0,7500000.0,5M-10M,0
4,McLean,Virginia,12354.0,7.0,10.0,9500000.0,5M-10M,0
5,McLean,Virginia,8936.0,6.0,8.0,3100000.0,2M-5M,0
6,McLean,Virginia,1305.0,2.0,2.0,499900.0,0-2M,0
7,McLean,Virginia,8300.0,6.0,7.0,2390000.0,2M-5M,0
8,McLean,Virginia,10178.0,6.0,9.0,8500000.0,5M-10M,0
9,McLean,Virginia,3849.0,5.0,5.0,1849000.0,0-2M,0
10,McLean,Virginia,6771.0,5.0,5.0,2699999.0,2M-5M,0
11,McLean,Virginia,1246.0,1.0,1.0,899900.0,0-2M,0
12,McLean,Virginia,5797.0,5.0,5.0,2200000.0,2M-5M,0
13,McLean,Virginia,1957.0,2.0,2.0,1425000.0,0-2M,0
14,McLean,Virginia,7103.0,5.0,7.0,2411000.0,2M-5M,0
15,McLean,Virginia,8600.0,7.0,9.0,4300000.0,2M-5M,0
16,McLean,Virginia,727.0,2.0,2.0,895000.0,0-2M,0
17,McLean,Virginia,12210.0,8.0,11.0,4950000.0,2M-5M,0
18,McLean,Virginia,809.0,1.0,1.0,290000.0,0-2M,0
19,McLean,Virginia,884.0,2.0,2.0,288000.0,0-2M,0
20,McLean,Virginia,626.0,1.0,1.0,249000.0,0-2M,0
21,McLean,Virginia,1132.0,2.0,2.0,469000.0,0-2M,0
22,McLean,Virginia,10800.0,6.0,9.0,3999000.0,2M-5M,0
23,McLean,Virginia,7170.0,5.0,8.0,2985000.0,2M-5M,0
24,McLean,Virginia,1689.0,2.0,3.0,1599000.0,0-2M,0
25,McLean,Virginia,1060.0,2.0,2.0,265000.0,0-2M,0
26,McLean,Virginia,5400.0,6.0,5.0,1900000.0,0-2M,0
27,McLean,Virginia,7015.0,7.0,8.0,2575000.0,2M-5M,0
28,McLean,Virginia,5595.0,6.0,5.0,7995000.0,5M-10M,0
29,McLean,Virginia,1150.0,2.0,2.0,329950.0,0-2M,0
30,McLean,Virginia,5322.0,5.0,6.0,2295000.0,2M-5M,0
31,McLean,Virginia,8900.0,6.0,7.0,2999000.0,2M-5M,0
32,McLean,Virginia,642.0,1.0,1.0,299900.0,0-2M,0
33,McLean,Virginia,5172.0,5.0,6.0,2275000.0,2M-5M,0
34,McLean,Virginia,789.0,1.0,1.0,225000.0,0-2M,0
35,McLean,Virginia,2140.0,4.0,3.0,1099900.0,0-2M,0
36,McLean,Virginia,6026.0,7.0,7.0,2475000.0,2M-5M,0
37,McLean,Virginia,7489.0,8.0,9.0,3588000.0,2M-5M,0
38,McLean,Virginia,1920.0,4.0,3.0,1395000.0,0-2M,0
39,McLean,Virginia,1160.0,2.0,2.0,930000.0,0-2M,0
40,McLean,Virginia,16243.0,10.0,13.0,5300000.0,5M-10M,0
41,McLean,Virginia,4728.0,6.0,7.0,2550000.0,2M-5M,0
42,McLean,Virginia,2540.0,3.0,2.0,2900000.0,2M-5M,0
43,McLean,Virginia,1327.0,2.0,2.0,575000.0,0-2M,0
44,McLean,Virginia,9701.0,8.0,9.0,3500000.0,2M-5M,0
45,McLean,Virginia,4519.0,4.0,5.0,1825000.0,0-2M,0
46,McLean,Virginia,10771.0,6.0,8.0,3695000.0,2M-5M,0
47,McLean,Virginia,7650.0,7.0,7.0,2550000.0,2M-5M,0
48,McLean,Virginia,1629.0,2.0,2.0,1269000.0,0-2M,0
49,McLean,Virginia,1689.0,2.0,3.0,1448000.0,0-2M,0
50,McLean,Virginia,2284.0,2.0,3.0,2290000.0,2M-5M,0
51,McLean,Virginia,1601.0,2.0,2.0,1478000.0,0-2M,0
52,McLean,Virginia,8838.0,4.0,8.0,8700000.0,5M-10M,0
53,McLean,Virginia,5660.0,4.0,4.0,2000000.0,0-2M,0
54,McLean,Virginia,1160.0,2.0,2.0,850000.0,0-2M,0
55,McLean,Virginia,6063.0,6.0,6.0,2000000.0,0-2M,0
56,McLean,Virginia,2802.0,5.0,4.0,968900.0,0-2M,0
57,McLean,Virginia,1598.0,2.0,3.0,886950.0,0-2M,0
58,McLean,Virginia,11804.0,8.0,12.0,4995000.0,2M-5M,0
59,McLean,Virginia,4320.0,4.0,5.0,1325000.0,0-2M,0
60,McLean,Virginia,10453.0,7.0,10.0,7500000.0,5M-10M,0
61,McLean,Virginia,4351.0,4.0,4.0,1884900.0,0-2M,0
62,McLean,Virginia,709.0,1.0,1.0,557900.0,0-2M,0
63,McLean,Virginia,12104.0,6.0,9.0,4250000.0,2M-5M,0
64,McLean,Virginia,690.0,1.0,1.0,339900.0,0-2M,0
65,McLean,Virginia,1344.0,2.0,2.0,449900.0,0-2M,0
66,McLean,Virginia,2856.0,4.0,5.0,1255000.0,0-2M,0
67,McLean,Virginia,762.0,1.0,1.0,260000.0,0-2M,0
68,McLean,Virginia,4630.0,5.0,5.0,1695000.0,0-2M,0
69,McLean,Virginia,7432.0,6.0,7.0,2499950.0,2M-5M,0
70,McLean,Virginia,7606.0,6.0,7.0,2360000.0,2M-5M,0
71,McLean,Virginia,774.0,1.0,1.0,649000.0,0-2M,0
72,McLean,Virginia,774.0,1.0,1.0,629500.0,0-2M,0
73,McLean,Virginia,761.0,1.0,1.0,634700.0,0-2M,0
74,McLean,Virginia,943.0,1.0,1.0,275000.0,0-2M,0
75,McLean,Virginia,990.0,1.0,1.0,289000.0,0-2M,0
76,McLean,Virginia,2267.0,3.0,4.0,799000.0,0-2M,0
77,McLean,Virginia,992.0,1.0,1.0,345000.0,0-2M,0
78,McLean,Virginia,8002.0,6.0,7.0,2375000.0,2M-5M,0
79,McLean,Virginia,2971.0,4.0,5.0,950000.0,0-2M,0
80,McLean,Virginia,1202.0,2.0,2.0,507500.0,0-2M,0
81,McLean,Virginia,689.0,1.0,1.0,245000.0,0-2M,0
82,McLean,Virginia,1780.0,3.0,3.0,600000.0,0-2M,0
83,McLean,Virginia,7805.0,7.0,8.0,3188000.0,2M-5M,0
84,McLean,Virginia,5740.0,6.0,7.0,2249000.0,2M-5M,0
85,McLean,Virginia,992.0,1.0,1.0,363500.0,0-2M,0
86,McLean,Virginia,4443.0,4.0,5.0,1750000.0,0-2M,0
87,McLean,Virginia,2945.0,3.0,4.0,1185000.0,0-2M,0
88,McLean,Virginia,5848.0,6.0,5.0,2295000.0,2M-5M,0
89,McLean,Virginia,12523.0,7.0,12.0,9250000.0,5M-10M,0
90,McLean,Virginia,1504.0,3.0,2.0,525000.0,0-2M,0
91,McLean,Virginia,1112.0,2.0,2.0,329000.0,0-2M,0
92,McLean,Virginia,1050.0,2.0,2.0,354900.0,0-2M,0
93,McLean,Virginia,3716.0,5.0,5.0,1549888.0,0-2M,0
94,McLean,Virginia,1150.0,2.0,2.0,339900.0,0-2M,0
95,McLean,Virginia,8885.0,5.0,7.0,2295000.0,2M-5M,0
96,McLean,Virginia,3902.0,4.0,4.0,1480000.0,0-2M,0
97,McLean,Virginia,2900.0,5.0,3.0,1395000.0,0-2M,0
98,McLean,Virginia,3102.0,3.0,4.0,799990.0,0-2M,0
99,McLean,Virginia,2730.0,5.0,4.0,1200000.0,0-2M,0
100,McLean,Virginia,4215.0,4.0,6.0,1295000.0,0-2M,0
101,McLean,Virginia,1112.0,2.0,2.0,325000.0,0-2M,0
102,McLean,Virginia,1244.0,2.0,3.0,440000.0,0-2M,0
103,McLean,Virginia,8220.0,6.0,8.0,3695000.0,2M-5M,0
104,McLean,Virginia,1500.0,4.0,3.0,1450000.0,0-2M,0
105,McLean,Virginia,13814.0,6.0,12.0,6999900.0,5M-10M,0
106,McLean,Virginia,11081.0,6.0,8.0,4495000.0,2M-5M,0
107,McLean,Virginia,894.0,1.0,2.0,675000.0,0-2M,0
108,McLean,Virginia,952.0,2.0,2.0,379000.0,0-2M,0
109,McLean,Virginia,1132.0,2.0,2.0,435000.0,0-2M,0
110,McLean,Virginia,10066.0,6.0,7.0,5250000.0,5M-10M,0
111,McLean,Virginia,2409.0,4.0,3.0,874900.0,0-2M,0
112,McLean,Virginia,952.0,2.0,2.0,352900.0,0-2M,0
113,McLean,Virginia,6950.0,6.0,7.0,2224999.0,2M-5M,0
114,McLean,Virginia,1468.0,2.0,2.0,499900.0,0-2M,0
115,McLean,Virginia,7700.0,5.0,5.0,2195000.0,2M-5M,0
116,McLean,Virginia,1276.0,3.0,3.0,459500.0,0-2M,0
117,McLean,Virginia,4860.0,3.0,4.0,1799000.0,0-2M,0
118,McLean,Virginia,1586.0,3.0,3.0,936950.0,0-2M,0
119,McLean,Virginia,626.0,1.0,1.0,249000.0,0-2M,0
120,McLean,Virginia,1228.0,2.0,2.0,700000.0,0-2M,0
121,McLean,Virginia,1813.0,2.0,3.0,1695000.0,0-2M,0
122,McLean,Virginia,1180.0,2.0,2.0,339900.0,0-2M,0
123,McLean,Virginia,1160.0,2.0,2.0,965000.0,0-2M,0
124,McLean,Virginia,1480.0,4.0,2.0,1100000.0,0-2M,0
125,McLean,Virginia,2763.0,3.0,3.0,1275950.0,0-2M,0
126,McLean,Virginia,7060.0,6.0,7.0,2249980.0,2M-5M,0
127,McLean,Virginia,2331.0,4.0,4.0,884900.0,0-2M,0
128,McLean,Virginia,12606.0,6.0,6.0,10497000.0,10M-50M,0
129,McLean,Virginia,2422.0,5.0,4.0,999000.0,0-2M,0
130,McLean,Virginia,784.0,1.0,1.0,299000.0,0-2M,0
131,McLean,Virginia,5000.0,6.0,6.0,1899000.0,0-2M,0
132,McLean,Virginia,7100.0,6.0,7.0,3200000.0,2M-5M,0
133,McLean,Virginia,9106.0,6.0,9.0,7900000.0,5M-10M,0
134,McLean,Virginia,6100.0,6.0,7.0,2525000.0,2M-5M,0
135,McLean,Virginia,1329.0,2.0,2.0,820000.0,0-2M,0
136,McLean,Virginia,3069.0,5.0,4.0,1599900.0,0-2M,0
137,McLean,Virginia,1327.0,2.0,2.0,499000.0,0-2M,0
138,McLean,Virginia,1272.0,3.0,2.0,499900.0,0-2M,0
139,McLean,Virginia,1327.0,2.0,2.0,495000.0,0-2M,0
140,McLean,Virginia,6234.0,6.0,5.0,2299000.0,2M-5M,0
141,McLean,Virginia,2078.0,2.0,2.0,1649000.0,0-2M,0
142,McLean,Virginia,818.0,1.0,1.0,285000.0,0-2M,0
143,McLean,Virginia,1327.0,2.0,2.0,539900.0,0-2M,0
144,McLean,Virginia,11445.0,5.0,8.0,5200000.0,5M-10M,0
145,McLean,Virginia,1741.0,2.0,3.0,1648000.0,0-2M,0
146,McLean,Virginia,23600.0,6.0,11.0,29900000.0,10M-50M,0
147,McLean,Virginia,11850.0,6.0,9.0,3900000.0,2M-5M,0
148,McLean,Virginia,1305.0,2.0,2.0,449900.0,0-2M,0
149,McLean,Virginia,1328.0,2.0,2.0,479900.0,0-2M,0
150,McLean,Virginia,689.0,1.0,1.0,239990.0,0-2M,0
151,McLean,Virginia,3030.0,3.0,5.0,2295000.0,2M-5M,0
152,McLean,Virginia,3612.0,5.0,4.0,1300000.0,0-2M,0
153,McLean,Virginia,1982.0,4.0,3.0,2999999.0,2M-5M,0
154,McLean,Virginia,1338.0,2.0,2.0,486000.0,0-2M,0
155,McLean,Virginia,1335.0,2.0,2.0,448500.0,0-2M,0
156,McLean,Virginia,2548.0,4.0,3.0,1699999.0,0-2M,0
157,McLean,Virginia,7347.0,6.0,7.0,2699000.0,2M-5M,0
158,McLean,Virginia,626.0,1.0,1.0,224900.0,0-2M,0
159,McLean,Virginia,1765.0,4.0,5.0,1600000.0,0-2M,0
160,McLean,Virginia,3075.0,4.0,4.0,1375000.0,0-2M,0
161,McLean,Virginia,1403.0,2.0,2.0,400000.0,0-2M,0
162,McLean,Virginia,980.0,2.0,1.0,315000.0,0-2M,0
163,McLean,Virginia,690.0,1.0,1.0,339000.0,0-2M,0
164,McLean,Virginia,1702.0,2.0,2.0,524900.0,0-2M,0
165,McLean,Virginia,1220.0,2.0,2.0,529900.0,0-2M,0
166,McLean,Virginia,811.0,1.0,2.0,279000.0,0-2M,0
167,McLean,Virginia,6917.0,4.0,5.0,2360000.0,2M-5M,0
168,McLean,Virginia,11125.0,7.0,9.0,3400000.0,2M-5M,0
169,McLean,Virginia,6260.0,7.0,8.0,1950000.0,0-2M,0
170,McLean,Virginia,1338.0,2.0,2.0,445000.0,0-2M,0
171,McLean,Virginia,7011.0,6.0,7.0,2699000.0,2M-5M,0
172,McLean,Virginia,1329.0,2.0,2.0,730000.0,0-2M,0
173,McLean,Virginia,3911.0,5.0,4.0,1600000.0,0-2M,0
174,McLean,Virginia,2514.0,4.0,5.0,1075000.0,0-2M,0
175,McLean,Virginia,12200.0,7.0,9.0,4000000.0,2M-5M,0
176,McLean,Virginia,1327.0,2.0,2.0,549000.0,0-2M,0
177,McLean,Virginia,8518.0,5.0,7.0,3695000.0,2M-5M,0
178,McLean,Virginia,10000.0,6.0,8.0,4950000.0,2M-5M,0
179,McLean,Virginia,8345.0,7.0,8.0,3695000.0,2M-5M,0
180,McLean,Virginia,20000.0,8.0,13.0,24000000.0,10M-50M,0
181,McLean,Virginia,6688.0,7.0,7.0,2499500.0,2M-5M,0
182,McLean,Virginia,2376.0,4.0,5.0,1275950.0,0-2M,0
183,McLean,Virginia,14900.0,8.0,12.0,14700000.0,10M-50M,0
184,McLean,Virginia,4685.0,4.0,4.0,1795900.0,0-2M,0
185,McLean,Virginia,4351.0,4.0,4.0,1875000.0,0-2M,0
186,McLean,Virginia,8200.0,7.0,9.0,3995000.0,2M-5M,0
187,McLean,Virginia,7400.0,7.0,7.0,2725000.0,2M-5M,0
188,McLean,Virginia,8313.0,6.0,7.0,2999900.0,2M-5M,0
189,McLean,Virginia,8216.0,6.0,9.0,4650000.0,2M-5M,0
190,McLean,Virginia,935.0,1.0,1.0,275000.0,0-2M,0
191,McLean,Virginia,12640.0,9.0,8.0,5800000.0,5M-10M,0
192,McLean,Virginia,9100.0,6.0,7.0,3299000.0,2M-5M,0
193,McLean,Virginia,6312.0,5.0,7.0,1900000.0,0-2M,0
194,McLean,Virginia,6000.0,6.0,6.0,1969999.0,0-2M,0
195,McLean,Virginia,1060.0,2.0,2.0,429900.0,0-2M,0
196,McLean,Virginia,8700.0,7.0,9.0,5500000.0,5M-10M,0
197,McLean,Virginia,966.0,2.0,1.0,289000.0,0-2M,0
198,McLean,Virginia,10058.0,6.0,6.0,2650000.0,2M-5M,0
199,McLean,Virginia,2165.0,3.0,4.0,1267950.0,0-2M,0
200,McLean,Virginia,1428.0,2.0,2.0,489500.0,0-2M,0
201,McLean,Virginia,3732.0,5.0,4.0,1875000.0,0-2M,0
202,McLean,Virginia,1942.0,3.0,4.0,800000.0,0-2M,0
203,McLean,Virginia,7154.0,7.0,7.0,2549000.0,2M-5M,0
204,McLean,Virginia,1586.0,3.0,3.0,879950.0,0-2M,0
205,McLean,Virginia,7217.0,6.0,7.0,3150000.0,2M-5M,0
206,McLean,Virginia,7395.0,5.0,8.0,2750000.0,2M-5M,0
207,McLean,Virginia,4050.0,5.0,4.0,1550000.0,0-2M,0
208,McLean,Virginia,1407.0,3.0,2.0,575000.0,0-2M,0
209,McLean,Virginia,11797.0,7.0,8.0,4899990.0,2M-5M,0
210,McLean,Virginia,8300.0,7.0,8.0,2439000.0,2M-5M,0
211,McLean,Virginia,3390.0,3.0,4.0,3746000.0,2M-5M,0
212,McLean,Virginia,1530.0,2.0,2.0,1548000.0,0-2M,0
213,McLean,Virginia,2820.0,3.0,3.0,2575000.0,2M-5M,0
214,McLean,Virginia,1100.0,2.0,2.0,869000.0,0-2M,0
215,McLean,Virginia,17560.0,7.0,11.0,7895900.0,5M-10M,0
216,McLean,Virginia,9502.0,5.0,8.0,4450000.0,2M-5M,0
217,McLean,Virginia,9010.0,6.0,8.0,3495000.0,2M-5M,0
218,McLean,Virginia,6600.0,6.0,8.0,2285000.0,2M-5M,0
219,McLean,Virginia,5972.0,7.0,7.0,2200000.0,2M-5M,0
220,McLean,Virginia,9711.0,6.0,9.0,3499000.0,2M-5M,0
221,McLean,Virginia,1689.0,2.0,3.0,1488000.0,0-2M,0
222,McLean,Virginia,1376.0,3.0,3.0,2490000.0,2M-5M,0
223,McLean,Virginia,21337.0,6.0,9.0,10500000.0,10M-50M,0
224,McLean,Virginia,1034.0,2.0,2.0,365000.0,0-2M,0
225,McLean,Virginia,1689.0,2.0,3.0,1138000.0,0-2M,0
226,McLean,Virginia,11084.0,7.0,9.0,3760000.0,2M-5M,0
227,McLean,Virginia,2350.0,2.0,3.0,2060000.0,2M-5M,0
228,McLean,Virginia,4040.0,4.0,5.0,1850000.0,0-2M,0
229,McLean,Virginia,5415.0,6.0,4.0,1980000.0,0-2M,0
230,McLean,Virginia,2349.0,5.0,4.0,4950000.0,2M-5M,0
231,McLean,Virginia,1327.0,2.0,2.0,529900.0,0-2M,0
232,McLean,Virginia,7968.0,6.0,8.0,2995000.0,2M-5M,0
233,McLean,Virginia,3723.0,5.0,4.0,1200000.0,0-2M,0
234,McLean,Virginia,2319.0,3.0,3.0,895000.0,0-2M,0
235,McLean,Virginia,2618.0,5.0,4.0,1250000.0,0-2M,0
236,McLean,Virginia,880.0,1.0,1.0,676000.0,0-2M,0
237,McLean,Virginia,1870.0,2.0,2.0,1652000.0,0-2M,0
238,McLean,Virginia,2780.0,3.0,3.0,2820000.0,2M-5M,0
239,McLean,Virginia,7125.0,7.0,8.0,2850000.0,2M-5M,0
240,McLean,Virginia,8450.0,5.0,7.0,9150000.0,5M-10M,0
241,McLean,Virginia,7315.0,6.0,7.0,2435000.0,2M-5M,0
242,McLean,Virginia,22000.0,10.0,15.0,22000000.0,10M-50M,0
243,McLean,Virginia,1628.0,3.0,4.0,864000.0,0-2M,0
244,McLean,Virginia,7711.0,6.0,8.0,3100000.0,2M-5M,0
245,McLean,Virginia,1228.0,2.0,1.0,619000.0,0-2M,0
246,McLean,Virginia,1612.0,2.0,3.0,970000.0,0-2M,0
247,McLean,Virginia,1586.0,3.0,3.0,822950.0,0-2M,0
248,McLean,Virginia,1338.0,2.0,2.0,715000.0,0-2M,0
249,McLean,Virginia,7018.0,7.0,9.0,6500000.0,5M-10M,0
250,McLean,Virginia,6474.0,4.0,7.0,1700000.0,0-2M,0
251,McLean,Virginia,1132.0,2.0,2.0,489000.0,0-2M,0
252,McLean,Virginia,1504.0,3.0,2.0,678900.0,0-2M,0
253,McLean,Virginia,2028.0,3.0,3.0,675000.0,0-2M,0
254,McLean,Virginia,1617.0,2.0,2.0,1548000.0,0-2M,0
255,McLean,Virginia,7624.0,6.0,7.0,3100000.0,2M-5M,0
256,McLean,Virginia,7787.0,6.0,7.0,2599999.0,2M-5M,0
257,McLean,Virginia,8839.0,6.0,10.0,5250000.0,5M-10M,0
258,McLean,Virginia,689.0,1.0,1.0,249000.0,0-2M,0
259,McLean,Virginia,7762.0,6.0,5.0,3400000.0,2M-5M,0
260,McLean,Virginia,2440.0,2.0,3.0,1325000.0,0-2M,0
261,McLean,Virginia,801.0,1.0,1.0,425000.0,0-2M,0
262,McLean,Virginia,11508.0,4.0,7.0,6499999.0,5M-10M,0
263,McLean,Virginia,7268.0,6.0,7.0,3499000.0,2M-5M,0
264,McLean,Virginia,2350.0,2.0,3.0,2140000.0,2M-5M,0
265,McLean,Virginia,1490.0,2.0,2.0,1185000.0,0-2M,0
266,McLean,Virginia,6683.0,6.0,7.0,2950000.0,2M-5M,0
267,McLean,Virginia,3122.0,4.0,4.0,1450000.0,0-2M,0
268,McLean,Virginia,1950.0,2.0,3.0,1793000.0,0-2M,0
269,McLean,Virginia,10600.0,6.0,8.0,3999000.0,2M-5M,0
270,McLean,Virginia,1100.0,2.0,2.0,946000.0,0-2M,0
271,McLean,Virginia,5665.0,6.0,6.0,2588000.0,2M-5M,0
272,McLean,Virginia,7450.0,6.0,7.0,2465000.0,2M-5M,0
273,McLean,Virginia,1339.0,2.0,2.0,488000.0,0-2M,0
274,McLean,Virginia,7211.0,6.0,8.0,2390000.0,2M-5M,0
275,McLean,Virginia,1504.0,2.0,2.0,569999.0,0-2M,0
276,McLean,Virginia,2457.0,3.0,4.0,1238995.0,0-2M,0
277,McLean,Virginia,1516.0,2.0,2.0,1199000.0,0-2M,0
278,McLean,Virginia,6484.0,5.0,6.0,2350000.0,2M-5M,0
279,McLean,Virginia,2518.0,4.0,3.0,1125000.0,0-2M,0
280,McLean,Virginia,3958.0,5.0,4.0,1100000.0,0-2M,0
281,McLean,Virginia,3328.0,5.0,3.0,1059000.0,0-2M,0
282,McLean,Virginia,812.0,1.0,1.0,289900.0,0-2M,0
283,McLean,Virginia,1790.0,5.0,3.0,1050000.0,0-2M,0
284,McLean,Virginia,1507.0,3.0,2.0,549900.0,0-2M,0
285,McLean,Virginia,1180.0,2.0,2.0,369999.0,0-2M,0
286,McLean,Virginia,894.0,2.0,1.0,320000.0,0-2M,0
287,McLean,Virginia,1339.0,2.0,2.0,479000.0,0-2M,0
288,McLean,Virginia,1494.0,2.0,2.0,485000.0,0-2M,0
289,McLean,Virginia,7600.0,6.0,7.0,3149000.0,2M-5M,0
290,McLean,Virginia,6866.0,6.0,7.0,2030000.0,2M-5M,0
291,McLean,Virginia,4024.0,4.0,8.0,2050000.0,2M-5M,0
292,McLean,Virginia,4912.0,4.0,4.0,1699000.0,0-2M,0
293,McLean,Virginia,1034.0,2.0,2.0,344500.0,0-2M,0
294,McLean,Virginia,3239.0,4.0,3.0,1325000.0,0-2M,0
295,McLean,Virginia,902.0,1.0,1.0,345000.0,0-2M,0
296,McLean,Virginia,1077.0,2.0,2.0,395000.0,0-2M,0
297,McLean,Virginia,2438.0,3.0,3.0,4075000.0,2M-5M,0
298,McLean,Virginia,1229.0,2.0,2.0,420000.0,0-2M,0
299,McLean,Virginia,689.0,1.0,1.0,239000.0,0-2M,0
300,McLean,Virginia,9890.0,5.0,8.0,8295000.0,5M-10M,0
301,McLean,Virginia,736.0,1.0,1.0,334000.0,0-2M,0
302,McLean,Virginia,16000.0,7.0,10.0,4275000.0,2M-5M,0
303,McLean,Virginia,690.0,1.0,1.0,314900.0,0-2M,0
304,McLean,Virginia,6306.0,5.0,7.0,2895000.0,2M-5M,0
305,McLean,Virginia,2745.0,5.0,3.0,1325000.0,0-2M,0
306,McLean,Virginia,3343.0,5.0,4.0,1210000.0,0-2M,0
307,McLean,Virginia,1619.0,2.0,2.0,1365000.0,0-2M,0
308,McLean,Virginia,1524.0,2.0,3.0,720000.0,0-2M,0
309,McLean,Virginia,2400.0,5.0,3.0,1325000.0,0-2M,0
310,McLean,Virginia,7450.0,5.0,8.0,2550000.0,2M-5M,0
311,McLean,Virginia,2988.0,5.0,4.0,1560000.0,0-2M,0
312,McLean,Virginia,7709.0,5.0,7.0,2895000.0,2M-5M,0
313,McLean,Virginia,1132.0,2.0,2.0,414000.0,0-2M,0
314,McLean,Virginia,1229.0,2.0,2.0,380000.0,0-2M,0
315,McLean,Virginia,1685.0,3.0,2.0,610000.0,0-2M,0
316,McLean,Virginia,6983.0,5.0,7.0,2475000.0,2M-5M,0
317,McLean,Virginia,1141.0,2.0,2.0,372000.0,0-2M,0
318,McLean,Virginia,2480.0,4.0,3.0,1285000.0,0-2M,0
319,McLean,Virginia,2858.0,4.0,4.0,1050000.0,0-2M,0
320,McLean,Virginia,962.0,2.0,1.0,315000.0,0-2M,0
321,McLean,Virginia,12593.0,6.0,9.0,7950000.0,5M-10M,0
322,McLean,Virginia,1054.0,3.0,2.0,515000.0,0-2M,0
323,McLean,Virginia,5526.0,5.0,6.0,1689000.0,0-2M,0
324,McLean,Virginia,5152.0,5.0,6.0,1750000.0,0-2M,0
325,McLean,Virginia,6000.0,4.0,5.0,1767000.0,0-2M,0
326,McLean,Virginia,626.0,1.0,1.0,209950.0,0-2M,0
327,McLean,Virginia,4256.0,5.0,6.0,2795000.0,2M-5M,0
328,McLean,Virginia,1132.0,2.0,2.0,414500.0,0-2M,0
329,McLean,Virginia,3300.0,4.0,4.0,1250000.0,0-2M,0
330,McLean,Virginia,642.0,1.0,1.0,290000.0,0-2M,0
331,McLean,Virginia,973.0,2.0,2.0,342000.0,0-2M,0
332,McLean,Virginia,20000.0,7.0,11.0,5800000.0,5M-10M,0
333,McLean,Virginia,4616.0,5.0,5.0,1875000.0,0-2M,0
334,McLean,Virginia,5586.0,6.0,6.0,1990000.0,0-2M,0
335,McLean,Virginia,4535.0,5.0,3.0,1675000.0,0-2M,0
336,McLean,Virginia,15995.0,8.0,12.0,5999000.0,5M-10M,0
337,McLean,Virginia,10477.0,7.0,10.0,3031500.0,2M-5M,0
338,McLean,Virginia,3000.0,4.0,3.0,1000000.0,0-2M,0
339,McLean,Virginia,10280.0,5.0,9.0,4000000.0,2M-5M,0
340,McLean,Virginia,903.0,1.0,1.0,439900.0,0-2M,0
341,McLean,Virginia,1114.0,2.0,2.0,475000.0,0-2M,0
342,McLean,Virginia,2315.0,4.0,3.0,1175000.0,0-2M,0
343,McLean,Virginia,2842.0,3.0,3.0,980000.0,0-2M,0
344,McLean,Virginia,2261.0,4.0,4.0,1425000.0,0-2M,0
345,McLean,Virginia,3239.0,6.0,4.0,1295000.0,0-2M,0
346,McLean,Virginia,1554.0,4.0,4.0,899900.0,0-2M,0
347,McLean,Virginia,1050.0,2.0,2.0,342500.0,0-2M,0
348,McLean,Virginia,3616.0,3.0,5.0,1075000.0,0-2M,0
349,McLean,Virginia,6629.0,7.0,6.0,2490000.0,2M-5M,0
350,McLean,Virginia,6432.0,5.0,8.0,3198000.0,2M-5M,0
351,McLean,Virginia,1588.0,3.0,3.0,725000.0,0-2M,0
352,McLean,Virginia,735.0,1.0,1.0,325000.0,0-2M,0
353,McLean,Virginia,7823.0,7.0,8.0,3975000.0,2M-5M,0
354,McLean,Virginia,1350.0,5.0,3.0,850000.0,0-2M,0
355,McLean,Virginia,3153.0,4.0,5.0,1050000.0,0-2M,0
356,McLean,Virginia,1200.0,3.0,2.0,420000.0,0-2M,0
357,McLean,Virginia,5977.0,4.0,5.0,1850000.0,0-2M,0
358,McLean,Virginia,2097.0,3.0,3.0,859000.0,0-2M,0
359,McLean,Virginia,4264.0,4.0,5.0,1600000.0,0-2M,0
360,McLean,Virginia,2217.0,4.0,4.0,1195000.0,0-2M,0
361,McLean,Virginia,690.0,1.0,1.0,305000.0,0-2M,0
362,McLean,Virginia,1084.0,3.0,2.0,375000.0,0-2M,0
363,McLean,Virginia,6851.0,6.0,7.0,2849000.0,2M-5M,0
364,McLean,Virginia,1780.0,3.0,3.0,679900.0,0-2M,0
365,McLean,Virginia,1884.0,4.0,3.0,1289000.0,0-2M,0
366,McLean,Virginia,6100.0,5.0,5.0,1650000.0,0-2M,0
367,McLean,Virginia,998.0,2.0,2.0,419000.0,0-2M,0
368,McLean,Virginia,8750.0,5.0,7.0,3550000.0,2M-5M,0
369,McLean,Virginia,7054.0,5.0,7.0,2199000.0,2M-5M,0
370,McLean,Virginia,849.0,1.0,1.0,270000.0,0-2M,0
371,McLean,Virginia,1050.0,2.0,2.0,342900.0,0-2M,0
372,McLean,Virginia,1150.0,2.0,2.0,310000.0,0-2M,0
373,McLean,Virginia,753.0,1.0,1.0,355000.0,0-2M,0
374,McLean,Virginia,1034.0,2.0,2.0,365000.0,0-2M,0
375,McLean,Virginia,3917.0,5.0,3.0,1350000.0,0-2M,0
376,McLean,Virginia,3423.0,4.0,5.0,1099000.0,0-2M,0
377,McLean,Virginia,1327.0,2.0,2.0,529900.0,0-2M,0
378,McLean,Virginia,642.0,1.0,1.0,299900.0,0-2M,0
379,McLean,Virginia,935.0,1.0,1.0,275000.0,0-2M,0
380,McLean,Virginia,4050.0,5.0,4.0,1550000.0,0-2M,0
381,McLean,Virginia,1246.0,1.0,1.0,899900.0,0-2M,0
382,McLean,Virginia,8885.0,5.0,7.0,2295000.0,2M-5M,0
383,McLean,Virginia,3102.0,3.0,4.0,799990.0,0-2M,0
384,McLean,Virginia,6063.0,6.0,6.0,2000000.0,0-2M,0
385,McLean,Virginia,689.0,1.0,1.0,245000.0,0-2M,0
386,McLean,Virginia,6940.0,5.0,7.0,3695000.0,2M-5M,0
387,McLean,Virginia,1202.0,2.0,2.0,507500.0,0-2M,0
388,McLean,Virginia,1244.0,2.0,3.0,440000.0,0-2M,0
389,McLean,Virginia,1329.0,2.0,2.0,820000.0,0-2M,0
390,McLean,Virginia,1327.0,2.0,2.0,575000.0,0-2M,0
391,McLean,Virginia,10058.0,6.0,6.0,2650000.0,2M-5M,0
392,McLean,Virginia,5660.0,4.0,4.0,2000000.0,0-2M,0
393,McLean,Virginia,2028.0,3.0,3.0,675000.0,0-2M,0
394,McLean,Virginia,4320.0,4.0,5.0,1325000.0,0-2M,0
395,McLean,Virginia,6532.0,5.0,6.0,2500000.0,2M-5M,0
396,McLean,Virginia,7489.0,8.0,9.0,3588000.0,2M-5M,0
397,McLean,Virginia,884.0,2.0,2.0,288000.0,0-2M,0
398,McLean,Virginia,3723.0,5.0,4.0,1200000.0,0-2M,0
399,McLean,Virginia,6771.0,5.0,5.0,2699999.0,2M-5M,0
400,McLean,Virginia,4215.0,4.0,6.0,1295000.0,0-2M,0
401,McLean,Virginia,1132.0,2.0,2.0,435000.0,0-2M,0
402,McLean,Virginia,1942.0,3.0,4.0,800000.0,0-2M,0
403,McLean,Virginia,4630.0,5.0,5.0,1695000.0,0-2M,0
404,McLean,Virginia,2409.0,4.0,3.0,874900.0,0-2M,0
405,McLean,Virginia,4860.0,3.0,4.0,1799000.0,0-2M,0
406,McLean,Virginia,2945.0,3.0,4.0,1185000.0,0-2M,0
407,McLean,Virginia,1276.0,3.0,3.0,459500.0,0-2M,0
408,McLean,Virginia,5400.0,6.0,5.0,1900000.0,0-2M,0
409,McLean,Virginia,10100.0,7.0,10.0,6895000.0,5M-10M,0
410,McLean,Virginia,1817.0,4.0,4.0,849999.0,0-2M,0
411,McLean,Virginia,9314.0,5.0,9.0,2894000.0,2M-5M,0
412,McLean,Virginia,1149.0,2.0,2.0,465000.0,0-2M,0
413,McLean,Virginia,4057.0,5.0,5.0,1750000.0,0-2M,0
414,McLean,Virginia,4377.0,7.0,5.0,3995000.0,2M-5M,0
415,McLean,Virginia,1612.0,2.0,2.0,825000.0,0-2M,0
416,McLean,Virginia,690.0,1.0,1.0,314900.0,0-2M,0
417,McLean,Virginia,1305.0,2.0,2.0,359900.0,0-2M,0
418,McLean,Virginia,593.0,1.0,1.0,264900.0,0-2M,0
419,McLean,Virginia,2724.0,4.0,3.0,1050000.0,0-2M,0
420,McLean,Virginia,6895.0,5.0,6.0,2695000.0,2M-5M,0
421,McLean,Virginia,10588.0,7.0,9.0,3795500.0,2M-5M,0
422,McLean,Virginia,1150.0,2.0,2.0,332000.0,0-2M,0
423,McLean,Virginia,8741.0,6.0,9.0,4195000.0,2M-5M,0
424,McLean,Virginia,2610.0,4.0,4.0,880000.0,0-2M,0
425,McLean,Virginia,3410.0,5.0,5.0,1625000.0,0-2M,0
426,McLean,Virginia,7731.0,6.0,8.0,4800000.0,2M-5M,0
427,McLean,Virginia,1305.0,2.0,2.0,375000.0,0-2M,0
428,McLean,Virginia,5496.0,6.0,6.0,1700000.0,0-2M,0
429,McLean,Virginia,1507.0,3.0,2.0,499000.0,0-2M,0
430,McLean,Virginia,893.0,2.0,1.0,300000.0,0-2M,0
431,McLean,Virginia,10053.0,6.0,9.0,3497000.0,2M-5M,0
432,McLean,Virginia,7000.0,6.0,7.0,2199888.0,2M-5M,0
433,McLean,Virginia,6003.0,6.0,6.0,1899900.0,0-2M,0
434,McLean,Virginia,1138.0,3.0,2.0,449500.0,0-2M,0
435,McLean,Virginia,5004.0,6.0,6.0,1749900.0,0-2M,0
436,McLean,Virginia,6300.0,7.0,6.0,1995000.0,0-2M,0
437,McLean,Virginia,2408.0,5.0,3.0,1195000.0,0-2M,0
438,McLean,Virginia,5656.0,7.0,7.0,2249750.0,2M-5M,0
439,McLean,Virginia,2450.0,4.0,3.0,1050000.0,0-2M,0
440,McLean,Virginia,1236.0,2.0,3.0,439900.0,0-2M,0
441,McLean,Virginia,6910.0,6.0,7.0,2408950.0,2M-5M,0
442,McLean,Virginia,3066.0,4.0,3.0,1200000.0,0-2M,0
443,McLean,Virginia,1195.0,5.0,2.0,970000.0,0-2M,0
444,McLean,Virginia,6581.0,6.0,6.0,2399888.0,2M-5M,0
445,McLean,Virginia,5526.0,6.0,6.0,1900000.0,0-2M,0
446,McLean,Virginia,6122.0,5.0,6.0,2125000.0,2M-5M,0
447,McLean,Virginia,3025.0,4.0,4.0,1499000.0,0-2M,0
448,McLean,Virginia,2196.0,4.0,3.0,1175000.0,0-2M,0
449,McLean,Virginia,5644.0,5.0,6.0,2150000.0,2M-5M,0
450,McLean,Virginia,6306.0,5.0,7.0,3095000.0,2M-5M,0
451,McLean,Virginia,2495.0,4.0,4.0,1300000.0,0-2M,0
452,McLean,Virginia,998.0,2.0,2.0,419000.0,0-2M,0
453,McLean,Virginia,2140.0,4.0,3.0,1099900.0,0-2M,0
454,McLean,Virginia,2730.0,5.0,4.0,1200000.0,0-2M,0
455,McLean,Virginia,4882.0,5.0,6.0,2099999.0,2M-5M,0
456,McLean,Virginia,6016.0,8.0,8.0,2395000.0,2M-5M,0
457,McLean,Virginia,6046.0,5.0,6.0,1509000.0,0-2M,0
458,McLean,Virginia,1050.0,2.0,2.0,329900.0,0-2M,0
459,McLean,Virginia,5560.0,4.0,6.0,1999950.0,0-2M,0
460,McLean,Virginia,9870.0,5.0,8.0,3495000.0,2M-5M,0
461,McLean,Virginia,6092.0,6.0,6.0,2274750.0,2M-5M,0
462,McLean,Virginia,7889.0,6.0,7.0,2300000.0,2M-5M,0
463,McLean,Virginia,2725.0,2.0,3.0,1550000.0,0-2M,0
464,McLean,Virginia,5973.0,4.0,5.0,1999000.0,0-2M,0
465,McLean,Virginia,762.0,1.0,1.0,259900.0,0-2M,0
466,McLean,Virginia,12815.0,6.0,11.0,4195000.0,2M-5M,0
467,McLean,Virginia,11236.0,6.0,10.0,3195000.0,2M-5M,0
468,McLean,Virginia,1132.0,2.0,2.0,499900.0,0-2M,0
469,McLean,Virginia,1660.0,3.0,3.0,774999.0,0-2M,0
470,McLean,Virginia,1504.0,3.0,2.0,555000.0,0-2M,0
471,McLean,Virginia,2100.0,4.0,3.0,999900.0,0-2M,0
472,McLean,Virginia,6799.0,9.0,9.0,3750000.0,2M-5M,0
473,McLean,Virginia,1305.0,2.0,2.0,499900.0,0-2M,0
474,McLean,Virginia,8313.0,6.0,7.0,2999900.0,2M-5M,0
475,McLean,Virginia,809.0,1.0,1.0,290000.0,0-2M,0
476,McLean,Virginia,1150.0,2.0,2.0,329950.0,0-2M,0
477,McLean,Virginia,2376.0,3.0,4.0,835000.0,0-2M,0
478,McLean,Virginia,2728.0,5.0,4.0,1075000.0,0-2M,0
479,McLean,Virginia,1738.0,3.0,4.0,825000.0,0-2M,0
480,McLean,Virginia,1061.0,1.0,2.0,545000.0,0-2M,0
481,McLean,Virginia,1334.0,4.0,3.0,1100000.0,0-2M,0
482,McLean,Virginia,1685.0,3.0,2.0,565000.0,0-2M,0
483,McLean,Virginia,7000.0,5.0,3.0,3600000.0,2M-5M,0
484,McLean,Virginia,9020.0,6.0,9.0,4999000.0,2M-5M,0
485,McLean,Virginia,6524.0,6.0,6.0,4000000.0,2M-5M,0
486,McLean,Virginia,5895.0,6.0,6.0,1995000.0,0-2M,0
487,McLean,Virginia,1629.0,2.0,2.0,1269000.0,0-2M,0
488,McLean,Virginia,736.0,1.0,1.0,315000.0,0-2M,0
489,McLean,Virginia,5675.0,4.0,5.0,1699999.0,0-2M,0
490,McLean,Virginia,2735.0,4.0,4.0,995000.0,0-2M,0
491,McLean,Virginia,2668.0,5.0,4.0,1399000.0,0-2M,0
492,McLean,Virginia,3343.0,5.0,5.0,1389000.0,0-2M,0
493,McLean,Virginia,2744.0,5.0,3.0,1099000.0,0-2M,0
494,McLean,Virginia,9800.0,6.0,8.0,2500000.0,2M-5M,0
495,McLean,Virginia,1215.0,1.0,2.0,582000.0,0-2M,0
496,McLean,Virginia,6333.0,6.0,7.0,2199900.0,2M-5M,0
497,McLean,Virginia,2676.0,3.0,5.0,1029000.0,0-2M,0
498,McLean,Virginia,1685.0,3.0,2.0,695000.0,0-2M,0
499,McLean,Virginia,9484.0,6.0,9.0,3600000.0,2M-5M,0
500,McLean,Virginia,1073.0,2.0,1.0,335000.0,0-2M,0
501,McLean,Virginia,690.0,1.0,1.0,320000.0,0-2M,0
502,McLean,Virginia,7235.0,5.0,8.0,3095000.0,2M-5M,0
503,McLean,Virginia,992.0,1.0,1.0,335000.0,0-2M,0
504,McLean,Virginia,753.0,1.0,1.0,350000.0,0-2M,0
505,McLean,Virginia,1327.0,2.0,2.0,425000.0,0-2M,0
506,McLean,Virginia,1867.0,3.0,2.0,579000.0,0-2M,0
507,McLean,Virginia,9219.0,6.0,8.0,4250000.0,2M-5M,0
508,McLean,Virginia,5614.0,5.0,5.0,1550000.0,0-2M,0
509,McLean,Virginia,4058.0,5.0,4.0,1525000.0,0-2M,0
510,McLean,Virginia,1132.0,2.0,2.0,415000.0,0-2M,0
511,McLean,Virginia,4538.0,5.0,7.0,1900000.0,0-2M,0
512,McLean,Virginia,1061.0,1.0,2.0,500000.0,0-2M,0
513,McLean,Virginia,10543.0,5.0,8.0,1995000.0,0-2M,0
514,McLean,Virginia,1338.0,2.0,2.0,700000.0,0-2M,0
515,McLean,Virginia,11452.0,6.0,9.0,3999888.0,2M-5M,0
516,McLean,Virginia,6869.0,5.0,7.0,2195000.0,2M-5M,0
517,McLean,Virginia,7911.0,6.0,7.0,2449999.0,2M-5M,0
518,McLean,Virginia,3100.0,5.0,3.0,1197000.0,0-2M,0
519,McLean,Virginia,6400.0,5.0,7.0,2600000.0,2M-5M,0
520,McLean,Virginia,2541.0,3.0,4.0,1149000.0,0-2M,0
521,McLean,Virginia,1678.0,3.0,3.0,430000.0,0-2M,0
522,McLean,Virginia,7038.0,6.0,7.0,3250000.0,2M-5M,0
523,McLean,Virginia,2069.0,3.0,3.0,945000.0,0-2M,0
524,McLean,Virginia,20000.0,7.0,13.0,12000000.0,10M-50M,0
525,McLean,Virginia,3300.0,5.0,3.0,1099000.0,0-2M,0
526,McLean,Virginia,1327.0,2.0,2.0,414000.0,0-2M,0
527,McLean,Virginia,3063.0,5.0,4.0,1225000.0,0-2M,0
528,McLean,Virginia,6166.0,5.0,6.0,1579000.0,0-2M,0
529,McLean,Virginia,13838.0,7.0,9.0,2495000.0,2M-5M,0
530,McLean,Virginia,12000.0,6.0,6.0,5250000.0,5M-10M,0
531,McLean,Virginia,5888.0,6.0,6.0,2700000.0,2M-5M,0
532,McLean,Virginia,3348.0,5.0,4.0,1250000.0,0-2M,0
533,McLean,Virginia,4729.0,5.0,4.0,1469000.0,0-2M,0
534,McLean,Virginia,2346.0,3.0,4.0,800000.0,0-2M,0
535,McLean,Virginia,6840.0,6.0,8.0,3250000.0,2M-5M,0
536,McLean,Virginia,5621.0,5.0,5.0,1650000.0,0-2M,0
537,McLean,Virginia,11300.0,6.0,10.0,4450000.0,2M-5M,0
538,McLean,Virginia,6300.0,5.0,6.0,3900000.0,2M-5M,0
539,McLean,Virginia,1282.0,2.0,3.0,519000.0,0-2M,0
540,McLean,Virginia,2748.0,4.0,3.0,1225000.0,0-2M,0
541,McLean,Virginia,690.0,1.0,1.0,219900.0,0-2M,0
542,McLean,Virginia,1177.0,2.0,2.0,499000.0,0-2M,0
543,McLean,Virginia,3353.0,3.0,4.0,1795000.0,0-2M,0
544,McLean,Virginia,3318.0,3.0,3.0,1299000.0,0-2M,0
545,McLean,Virginia,1904.0,3.0,4.0,900000.0,0-2M,0
546,McLean,Virginia,6841.0,6.0,8.0,3395000.0,2M-5M,0
547,McLean,Virginia,5377.0,5.0,5.0,1700000.0,0-2M,0
548,McLean,Virginia,8000.0,6.0,6.0,2350000.0,2M-5M,0
549,McLean,Virginia,5261.0,4.0,5.0,1595000.0,0-2M,0
550,McLean,Virginia,2627.0,4.0,4.0,1150000.0,0-2M,0
551,McLean,Virginia,1228.0,2.0,2.0,698888.0,0-2M,0
552,McLean,Virginia,3032.0,3.0,5.0,979500.0,0-2M,0
553,McLean,Virginia,5200.0,4.0,4.0,1475000.0,0-2M,0
554,McLean,Virginia,6810.0,5.0,8.0,1875000.0,0-2M,0
555,McLean,Virginia,4315.0,5.0,5.0,1199999.0,0-2M,0
556,McLean,Virginia,5686.0,5.0,5.0,2100000.0,2M-5M,0
557,McLean,Virginia,3115.0,6.0,5.0,1295000.0,0-2M,0
558,McLean,Virginia,1132.0,2.0,2.0,399000.0,0-2M,0
559,McLean,Virginia,3303.0,5.0,4.0,1699900.0,0-2M,0
560,McLean,Virginia,992.0,1.0,1.0,304900.0,0-2M,0
561,McLean,Virginia,9276.0,6.0,8.0,2400000.0,2M-5M,0
562,McLean,Virginia,1272.0,3.0,2.0,519500.0,0-2M,0
563,McLean,Virginia,2380.0,4.0,4.0,850000.0,0-2M,0
564,McLean,Virginia,2271.0,4.0,4.0,850000.0,0-2M,0
565,McLean,Virginia,1343.0,4.0,3.0,700000.0,0-2M,0
566,McLean,Virginia,690.0,1.0,1.0,299000.0,0-2M,0
567,McLean,Virginia,2652.0,4.0,4.0,979900.0,0-2M,0
568,McLean,Virginia,3097.0,5.0,4.0,1449000.0,0-2M,0
569,McLean,Virginia,3347.0,4.0,3.0,975000.0,0-2M,0
570,McLean,Virginia,6494.0,5.0,6.0,2099000.0,2M-5M,0
571,McLean,Virginia,1279.0,4.0,2.0,1100000.0,0-2M,0
572,McLean,Virginia,992.0,2.0,1.0,356000.0,0-2M,0
573,McLean,Virginia,6697.0,6.0,7.0,2399000.0,2M-5M,0
574,McLean,Virginia,3508.0,5.0,4.0,1349000.0,0-2M,0
575,McLean,Virginia,1301.0,2.0,2.0,1075000.0,0-2M,0
576,McLean,Virginia,1327.0,2.0,2.0,479000.0,0-2M,0
577,McLean,Virginia,811.0,1.0,2.0,274000.0,0-2M,0
578,McLean,Virginia,4455.0,5.0,5.0,1649000.0,0-2M,0
579,McLean,Virginia,2024.0,3.0,3.0,750000.0,0-2M,0
580,McLean,Virginia,2737.0,6.0,4.0,1299900.0,0-2M,0
581,McLean,Virginia,3000.0,4.0,3.0,1025000.0,0-2M,0
582,McLean,Virginia,8421.0,7.0,8.0,2550000.0,2M-5M,0
583,McLean,Virginia,2281.0,4.0,4.0,899900.0,0-2M,0
584,McLean,Virginia,4497.0,5.0,5.0,1795000.0,0-2M,0
585,McLean,Virginia,5906.0,4.0,6.0,2000000.0,0-2M,0
586,McLean,Virginia,1628.0,3.0,4.0,715000.0,0-2M,0
587,McLean,Virginia,998.0,2.0,2.0,390000.0,0-2M,0
588,McLean,Virginia,10011.0,7.0,7.0,2495000.0,2M-5M,0
589,McLean,Virginia,2506.0,4.0,3.0,1100000.0,0-2M,0
590,McLean,Virginia,9408.0,7.0,9.0,3895500.0,2M-5M,0
591,McLean,Virginia,3028.0,4.0,4.0,1295000.0,0-2M,0
592,McLean,Virginia,6340.0,5.0,6.0,6250000.0,5M-10M,0
593,McLean,Virginia,1132.0,2.0,2.0,425000.0,0-2M,0
594,McLean,Virginia,9000.0,7.0,10.0,3895000.0,2M-5M,0
595,McLean,Virginia,1149.0,2.0,2.0,495000.0,0-2M,0
596,McLean,Virginia,8932.0,5.0,6.0,2395000.0,2M-5M,0
597,McLean,Virginia,10776.0,7.0,9.0,3095000.0,2M-5M,0
598,McLean,Virginia,1132.0,2.0,2.0,469000.0,0-2M,0
599,McLean,Virginia,1235.0,2.0,2.0,448500.0,0-2M,0
600,McLean,Virginia,7166.0,6.0,6.0,2324888.0,2M-5M,0
601,McLean,Virginia,4204.0,5.0,6.0,1590000.0,0-2M,0
602,McLean,Virginia,690.0,1.0,1.0,310000.0,0-2M,0
603,McLean,Virginia,3801.0,5.0,4.0,1650000.0,0-2M,0
604,McLean,Virginia,6000.0,5.0,5.0,2100000.0,2M-5M,0
605,McLean,Virginia,6431.0,5.0,6.0,1980000.0,0-2M,0
606,McLean,Virginia,1630.0,2.0,2.0,1350000.0,0-2M,0
607,McLean,Virginia,4578.0,5.0,4.0,1574900.0,0-2M,0
608,McLean,Virginia,6158.0,5.0,5.0,1875000.0,0-2M,0
609,McLean,Virginia,1564.0,4.0,3.0,999900.0,0-2M,0
610,McLean,Virginia,13469.0,5.0,9.0,4950000.0,2M-5M,0
611,McLean,Virginia,1440.0,2.0,3.0,900000.0,0-2M,0
612,McLean,Virginia,3014.0,4.0,3.0,985000.0,0-2M,0
613,McLean,Virginia,1132.0,2.0,2.0,395000.0,0-2M,0
614,McLean,Virginia,3206.0,4.0,4.0,1025000.0,0-2M,0
615,McLean,Virginia,6800.0,5.0,6.0,2499000.0,2M-5M,0
616,McLean,Virginia,1236.0,2.0,3.0,419550.0,0-2M,0
617,McLean,Virginia,2040.0,3.0,3.0,710000.0,0-2M,0
618,McLean,Virginia,7232.0,5.0,6.0,2950000.0,2M-5M,0
619,McLean,Virginia,6800.0,5.0,6.0,2100000.0,2M-5M,0
620,McLean,Virginia,1276.0,3.0,3.0,975000.0,0-2M,0
621,McLean,Virginia,988.0,2.0,1.0,295500.0,0-2M,0
622,McLean,Virginia,3435.0,4.0,4.0,1175000.0,0-2M,0
623,McLean,Virginia,1132.0,2.0,2.0,429000.0,0-2M,0
624,McLean,Virginia,1476.0,2.0,2.0,459999.0,0-2M,0
625,McLean,Virginia,4031.0,7.0,7.0,2025000.0,2M-5M,0
626,McLean,Virginia,3067.0,4.0,5.0,880000.0,0-2M,0
627,McLean,Virginia,1702.0,2.0,2.0,580000.0,0-2M,0
628,McLean,Virginia,1403.0,2.0,2.0,449900.0,0-2M,0
629,McLean,Virginia,2100.0,3.0,3.0,995000.0,0-2M,0
630,McLean,Virginia,1341.0,2.0,2.0,410000.0,0-2M,0
631,McLean,Virginia,1177.0,4.0,3.0,950000.0,0-2M,0
632,McLean,Virginia,4295.0,5.0,5.0,1999000.0,0-2M,0
633,McLean,Virginia,1170.0,3.0,2.0,799000.0,0-2M,0
634,McLean,Virginia,6750.0,7.0,8.0,2280000.0,2M-5M,0
635,McLean,Virginia,2165.0,3.0,4.0,1267950.0,0-2M,0
636,McLean,Virginia,1587.0,3.0,3.0,844950.0,0-2M,0
637,McLean,Virginia,1587.0,3.0,3.0,797950.0,0-2M,0
638,McLean,Virginia,2168.0,4.0,5.0,1151950.0,0-2M,0
639,McLean,Virginia,4600.0,5.0,5.0,1489900.0,0-2M,0
640,McLean,Virginia,9350.0,7.0,8.0,2995000.0,2M-5M,0
641,McLean,Virginia,938.0,1.0,1.0,299000.0,0-2M,0
642,McLean,Virginia,1200.0,3.0,2.0,429000.0,0-2M,0
643,McLean,Virginia,2376.0,4.0,5.0,1275950.0,0-2M,0
644,McLean,Virginia,2456.0,2.0,3.0,2950000.0,2M-5M,0
645,McLean,Virginia,3300.0,4.0,3.0,1185000.0,0-2M,0
646,McLean,Virginia,6500.0,5.0,6.0,2325000.0,2M-5M,0
647,McLean,Virginia,3659.0,5.0,3.0,1299900.0,0-2M,0
648,McLean,Virginia,1084.0,3.0,2.0,300000.0,0-2M,0
649,McLean,Virginia,1132.0,2.0,2.0,415000.0,0-2M,0
650,Santa Monica,California,1043.0,1.0,1.0,999990.0,0-2M,1
651,Santa Monica,California,785.0,2.0,1.0,719000.0,0-2M,1
652,Santa Monica,California,3701.0,5.0,5.0,8995000.0,5M-10M,1
653,Santa Monica,California,3115.0,4.0,4.0,2545000.0,2M-5M,1
654,Santa Monica,California,9680.0,22.0,13.0,8000000.0,5M-10M,1
655,Santa Monica,California,5262.0,10.0,7.0,3295000.0,2M-5M,1
656,Santa Monica,California,1924.0,2.0,3.0,3350000.0,2M-5M,1
657,Santa Monica,California,906.0,1.0,1.0,1075000.0,0-2M,1
658,Santa Monica,California,4526.0,15.0,10.0,3199000.0,2M-5M,1
659,Santa Monica,California,3604.0,4.0,4.0,4295000.0,2M-5M,1
660,Santa Monica,California,1262.0,2.0,2.0,995000.0,0-2M,1
661,Santa Monica,California,10065.0,17.0,17.0,6519999.0,5M-10M,1
662,Santa Monica,California,2020.0,2.0,3.0,1399999.0,0-2M,1
663,Santa Monica,California,1647.0,3.0,4.0,1240000.0,0-2M,1
664,Santa Monica,California,939.0,1.0,1.0,1000000.0,0-2M,1
665,Santa Monica,California,906.0,1.0,1.0,1300000.0,0-2M,1
666,Santa Monica,California,503.0,1.0,1.0,565000.0,0-2M,1
667,Santa Monica,California,2076.0,2.0,4.0,1499000.0,0-2M,1
668,Santa Monica,California,726.0,1.0,1.0,775000.0,0-2M,1
669,Santa Monica,California,1009.0,2.0,2.0,1144000.0,0-2M,1
670,Santa Monica,California,1476.0,2.0,3.0,1529000.0,0-2M,1
671,Santa Monica,California,1408.0,3.0,3.0,1349000.0,0-2M,1
672,Santa Monica,California,5375.0,14.0,8.0,2595000.0,2M-5M,1
673,Santa Monica,California,3067.0,3.0,3.0,4999000.0,2M-5M,1
674,Santa Monica,California,3005.0,3.0,4.0,3149000.0,2M-5M,1
675,Santa Monica,California,20513.0,40.0,31.0,10250000.0,10M-50M,1
676,Santa Monica,California,2801.0,8.0,4.0,1689000.0,0-2M,1
677,Santa Monica,California,5236.0,6.0,5.0,8000000.0,5M-10M,1
678,Santa Monica,California,4694.0,6.0,6.0,3300000.0,2M-5M,1
679,Santa Monica,California,1367.0,2.0,3.0,989000.0,0-2M,1
680,Santa Monica,California,1039.0,2.0,2.0,969000.0,0-2M,1
681,Santa Monica,California,3083.0,5.0,4.0,1550000.0,0-2M,1
682,Santa Monica,California,2094.0,3.0,3.0,2495000.0,2M-5M,1
683,Santa Monica,California,1046.0,2.0,2.0,1195000.0,0-2M,1
684,Santa Monica,California,3140.0,2.0,3.0,6995000.0,5M-10M,1
685,Santa Monica,California,1458.0,2.0,3.0,1080000.0,0-2M,1
686,Santa Monica,California,2817.0,3.0,3.0,5995000.0,5M-10M,1
687,Santa Monica,California,2716.0,4.0,3.0,4300000.0,2M-5M,1
688,Santa Monica,California,1554.0,3.0,3.0,2500000.0,2M-5M,1
689,Santa Monica,California,1380.0,3.0,2.0,1479000.0,0-2M,1
690,Santa Monica,California,1495.0,2.0,2.0,1595000.0,0-2M,1
691,Santa Monica,California,3186.0,6.0,5.0,2775000.0,2M-5M,1
692,Santa Monica,California,1216.0,2.0,2.0,2400000.0,2M-5M,1
693,Santa Monica,California,804.0,2.0,2.0,799500.0,0-2M,1
694,Santa Monica,California,600.0,1.0,1.0,725000.0,0-2M,1
695,Santa Monica,California,3636.0,21.0,12.0,5688000.0,5M-10M,1
696,Santa Monica,California,6149.0,6.0,5.0,12999000.0,10M-50M,1
697,Santa Monica,California,1301.0,2.0,3.0,1500000.0,0-2M,1
698,Santa Monica,California,3380.0,4.0,4.0,3997500.0,2M-5M,1
699,Santa Monica,California,658.0,1.0,1.0,625000.0,0-2M,1
700,Santa Monica,California,2657.0,4.0,4.0,3595000.0,2M-5M,1
701,Santa Monica,California,1456.0,3.0,3.0,1099000.0,0-2M,1
702,Santa Monica,California,3555.0,5.0,5.0,3899000.0,2M-5M,1
703,Santa Monica,California,662.0,1.0,1.0,699000.0,0-2M,1
704,Santa Monica,California,1821.0,3.0,4.0,1995000.0,0-2M,1
705,Santa Monica,California,1994.0,2.0,3.0,1995000.0,0-2M,1
706,Santa Monica,California,1256.0,2.0,3.0,999000.0,0-2M,1
707,Santa Monica,California,1939.0,2.0,3.0,1395000.0,0-2M,1
708,Santa Monica,California,1153.0,1.0,2.0,1595000.0,0-2M,1
709,Santa Monica,California,1609.0,2.0,3.0,2895000.0,2M-5M,1
710,Santa Monica,California,722.0,1.0,1.0,499000.0,0-2M,1
711,Santa Monica,California,1228.0,2.0,2.0,2500000.0,2M-5M,1
712,Santa Monica,California,1486.0,2.0,2.0,1495000.0,0-2M,1
713,Santa Monica,California,12379.0,7.0,12.0,19995000.0,10M-50M,1
714,Santa Monica,California,1670.0,3.0,2.0,2445000.0,2M-5M,1
715,Santa Monica,California,1865.0,2.0,3.0,3399000.0,2M-5M,1
716,Santa Monica,California,1554.0,3.0,3.0,2200000.0,2M-5M,1
717,Santa Monica,California,5655.0,6.0,7.0,18000000.0,10M-50M,1
718,Santa Monica,California,2766.0,4.0,4.0,2198000.0,2M-5M,1
719,Santa Monica,California,1374.0,3.0,3.0,2150000.0,2M-5M,1
720,Santa Monica,California,6521.0,6.0,8.0,9995000.0,5M-10M,1
721,Santa Monica,California,1028.0,2.0,2.0,849000.0,0-2M,1
722,Santa Monica,California,8914.0,14.0,13.0,3650000.0,2M-5M,1
723,Santa Monica,California,3302.0,4.0,3.0,3295000.0,2M-5M,1
724,Santa Monica,California,3360.0,6.0,6.0,2595000.0,2M-5M,1
725,Santa Monica,California,7587.0,7.0,9.0,12995000.0,10M-50M,1
726,Santa Monica,California,845.0,2.0,1.0,649000.0,0-2M,1
727,Santa Monica,California,4631.0,8.0,4.0,2250000.0,2M-5M,1
728,Santa Monica,California,1744.0,2.0,3.0,3495000.0,2M-5M,1
729,Santa Monica,California,650.0,1.0,1.0,549000.0,0-2M,1
730,Santa Monica,California,1729.0,3.0,3.0,1595000.0,0-2M,1
731,Santa Monica,California,1212.0,1.0,2.0,1200000.0,0-2M,1
732,Santa Monica,California,4376.0,9.0,8.0,2500000.0,2M-5M,1
733,Santa Monica,California,1535.0,2.0,2.0,1295000.0,0-2M,1
734,Santa Monica,California,769.0,3.0,1.0,2059000.0,2M-5M,1
735,Santa Monica,California,7400.0,5.0,8.0,13488888.0,10M-50M,1
736,Santa Monica,California,1215.0,3.0,1.0,2450000.0,2M-5M,1
737,Santa Monica,California,2282.0,4.0,5.0,3495000.0,2M-5M,1
738,Santa Monica,California,3239.0,2.0,3.0,5995000.0,5M-10M,1
739,Santa Monica,California,1431.0,3.0,3.0,1385000.0,0-2M,1
740,Santa Monica,California,569.0,1.0,1.0,499000.0,0-2M,1
741,Santa Monica,California,507.0,1.0,1.0,689000.0,0-2M,1
742,Santa Monica,California,1086.0,2.0,2.0,1100000.0,0-2M,1
743,Santa Monica,California,850.0,1.0,1.0,1250000.0,0-2M,1
744,Santa Monica,California,3252.0,6.0,5.0,2300000.0,2M-5M,1
745,Santa Monica,California,3074.0,3.0,4.0,7750000.0,5M-10M,1
746,Santa Monica,California,3074.0,3.0,4.0,9250000.0,5M-10M,1
747,Santa Monica,California,906.0,1.0,1.0,1300000.0,0-2M,1
748,Santa Monica,California,2544.0,5.0,4.0,2350000.0,2M-5M,1
749,Santa Monica,California,1221.0,2.0,2.0,998000.0,0-2M,1
750,Santa Monica,California,1552.0,2.0,3.0,2495000.0,2M-5M,1
751,Santa Monica,California,2261.0,3.0,3.0,2749000.0,2M-5M,1
752,Santa Monica,California,620.0,1.0,1.0,799000.0,0-2M,1
753,Santa Monica,California,1462.0,3.0,2.0,1199999.0,0-2M,1
754,Santa Monica,California,1513.0,2.0,2.0,2250000.0,2M-5M,1
755,Santa Monica,California,2918.0,6.0,4.0,2995000.0,2M-5M,1
756,Santa Monica,California,1527.0,3.0,3.0,1650000.0,0-2M,1
757,Santa Monica,California,2227.0,4.0,5.0,3495000.0,2M-5M,1
758,Santa Monica,California,2300.0,2.0,2.0,2345000.0,2M-5M,1
759,Santa Monica,California,2600.0,3.0,4.0,2590000.0,2M-5M,1
760,Santa Monica,California,1494.0,3.0,3.0,1649000.0,0-2M,1
761,Santa Monica,California,9318.0,14.0,14.0,5495000.0,5M-10M,1
762,Santa Monica,California,1703.0,2.0,3.0,1475000.0,0-2M,1
763,Santa Monica,California,1141.0,3.0,2.0,1100000.0,0-2M,1
764,Santa Monica,California,649.0,1.0,1.0,499999.0,0-2M,1
765,Santa Monica,California,1001.0,2.0,1.0,2400000.0,2M-5M,1
766,Santa Monica,California,1265.0,2.0,3.0,1025000.0,0-2M,1
767,Santa Monica,California,4133.0,4.0,5.0,7250000.0,5M-10M,1
768,Santa Monica,California,10384.0,17.0,17.0,6300000.0,5M-10M,1
769,Santa Monica,California,8621.0,20.0,16.0,6100000.0,5M-10M,1
770,Santa Monica,California,4327.0,3.0,5.0,7250000.0,5M-10M,1
771,Santa Monica,California,1664.0,3.0,3.0,1695000.0,0-2M,1
772,Santa Monica,California,1182.0,2.0,2.0,999999.0,0-2M,1
773,Santa Monica,California,1014.0,2.0,2.0,1274000.0,0-2M,1
774,Santa Monica,California,1930.0,3.0,4.0,2225000.0,2M-5M,1
775,Santa Monica,California,2540.0,3.0,3.0,3195000.0,2M-5M,1
776,Santa Monica,California,1074.0,2.0,1.0,2349000.0,2M-5M,1
777,Santa Monica,California,2450.0,4.0,3.0,1950000.0,0-2M,1
778,Santa Monica,California,1160.0,1.0,2.0,995000.0,0-2M,1
779,Santa Monica,California,2423.0,5.0,5.0,4700000.0,2M-5M,1
780,Santa Monica,California,1276.0,2.0,2.0,2605000.0,2M-5M,1
781,Santa Monica,California,1009.0,2.0,2.0,879000.0,0-2M,1
782,Santa Monica,California,2056.0,4.0,3.0,1795000.0,0-2M,1
783,Santa Monica,California,921.0,2.0,2.0,999000.0,0-2M,1
784,Santa Monica,California,1153.0,1.0,2.0,1199000.0,0-2M,1
785,Santa Monica,California,1086.0,3.0,2.0,1050000.0,0-2M,1
786,Santa Monica,California,906.0,1.0,1.0,1295000.0,0-2M,1
787,Santa Monica,California,1871.0,2.0,3.0,2249000.0,2M-5M,1
788,Santa Monica,California,1146.0,1.0,2.0,1495000.0,0-2M,1
789,Santa Monica,California,961.0,2.0,2.0,1125000.0,0-2M,1
790,Santa Monica,California,1554.0,1.0,2.0,5450000.0,5M-10M,1
791,Santa Monica,California,1669.0,3.0,4.0,3190000.0,2M-5M,1
792,Santa Monica,California,5444.0,10.0,9.0,3375000.0,2M-5M,1
793,Santa Monica,California,4599.0,9.0,8.0,11995000.0,10M-50M,1
794,Santa Monica,California,1413.0,2.0,3.0,1249000.0,0-2M,1
795,Santa Monica,California,3835.0,6.0,5.0,6495000.0,5M-10M,1
796,Santa Monica,California,497.0,1.0,1.0,650000.0,0-2M,1
797,Santa Monica,California,2296.0,4.0,3.0,4950000.0,2M-5M,1
798,Santa Monica,California,3027.0,5.0,4.0,2209000.0,2M-5M,1
799,Santa Monica,California,576.0,1.0,1.0,795000.0,0-2M,1
800,Santa Monica,California,2123.0,4.0,2.0,3490000.0,2M-5M,1
801,Santa Monica,California,4726.0,5.0,4.0,14250000.0,10M-50M,1
802,Santa Monica,California,3201.0,3.0,3.0,8995000.0,5M-10M,1
803,Santa Monica,California,906.0,1.0,1.0,1499000.0,0-2M,1
804,Santa Monica,California,4706.0,4.0,5.0,9500000.0,5M-10M,1
805,Santa Monica,California,8084.0,16.0,16.0,6950000.0,5M-10M,1
806,Santa Monica,California,1023.0,2.0,2.0,985000.0,0-2M,1
807,Santa Monica,California,2510.0,3.0,3.0,2710000.0,2M-5M,1
808,Santa Monica,California,988.0,2.0,2.0,899000.0,0-2M,1
809,Santa Monica,California,1012.0,2.0,2.0,1200000.0,0-2M,1
810,Santa Monica,California,1558.0,3.0,3.0,1399000.0,0-2M,1
811,Santa Monica,California,644.0,1.0,1.0,598000.0,0-2M,1
812,Santa Monica,California,864.0,1.0,1.0,699800.0,0-2M,1
813,Santa Monica,California,1736.0,2.0,3.0,1995000.0,0-2M,1
814,Santa Monica,California,2490.0,4.0,3.0,3150000.0,2M-5M,1
815,Santa Monica,California,1235.0,2.0,2.0,1155500.0,0-2M,1
816,Santa Monica,California,3164.0,8.0,5.0,2899888.0,2M-5M,1
817,Santa Monica,California,576.0,1.0,1.0,619770.0,0-2M,1
818,Santa Monica,California,1232.0,2.0,2.0,2095000.0,2M-5M,1
819,Santa Monica,California,1872.0,3.0,2.0,2295000.0,2M-5M,1
820,Santa Monica,California,3920.0,7.0,7.0,2695000.0,2M-5M,1
821,Santa Monica,California,5120.0,11.0,11.0,2925000.0,2M-5M,1
822,Santa Monica,California,1566.0,3.0,3.0,3800000.0,2M-5M,1
823,Santa Monica,California,784.0,2.0,1.0,645000.0,0-2M,1
824,Santa Monica,California,15600.0,19.0,25.0,9850000.0,5M-10M,1
825,Santa Monica,California,1412.0,3.0,3.0,1375000.0,0-2M,1
826,Santa Monica,California,2517.0,4.0,3.0,3195000.0,2M-5M,1
827,Santa Monica,California,3147.0,6.0,5.0,2295000.0,2M-5M,1
828,Santa Monica,California,2934.0,6.0,5.0,2295000.0,2M-5M,1
829,Santa Monica,California,1036.0,2.0,2.0,1995000.0,0-2M,1
830,Santa Monica,California,1689.0,2.0,3.0,1799000.0,0-2M,1
831,Santa Monica,California,4903.0,8.0,10.0,3200000.0,2M-5M,1
832,Santa Monica,California,2800.0,3.0,4.0,9600000.0,5M-10M,1
833,Santa Monica,California,3250.0,9.0,7.0,2000000.0,0-2M,1
834,Santa Monica,California,1562.0,3.0,3.0,4200000.0,2M-5M,1
835,Santa Monica,California,1149.0,2.0,2.0,1850000.0,0-2M,1
836,Santa Monica,California,3873.0,5.0,5.0,3550000.0,2M-5M,1
837,Santa Monica,California,4478.0,7.0,6.0,3490000.0,2M-5M,1
838,Santa Monica,California,3131.0,4.0,4.0,4495000.0,2M-5M,1
839,Santa Monica,California,2550.0,3.0,3.0,2450000.0,2M-5M,1
840,Santa Monica,California,904.0,2.0,2.0,1100000.0,0-2M,1
841,Santa Monica,California,3517.0,5.0,7.0,3999999.0,2M-5M,1
842,Santa Monica,California,1538.0,2.0,2.0,1779000.0,0-2M,1
843,Santa Monica,California,1460.0,4.0,3.0,1995000.0,0-2M,1
844,Santa Monica,California,1250.0,1.0,1.0,1099000.0,0-2M,1
845,Santa Monica,California,8990.0,16.0,12.0,3795000.0,2M-5M,1
846,Santa Monica,California,674.0,1.0,1.0,985000.0,0-2M,1
847,Santa Monica,California,2549.0,4.0,5.0,5300000.0,5M-10M,1
848,Santa Monica,California,854.0,2.0,1.0,647000.0,0-2M,1
849,Santa Monica,California,1296.0,3.0,2.0,2495000.0,2M-5M,1
850,Santa Monica,California,823.0,1.0,1.0,899000.0,0-2M,1
851,Santa Monica,California,1290.0,2.0,3.0,1350000.0,0-2M,1
852,Santa Monica,California,1626.0,4.0,2.0,1500000.0,0-2M,1
853,Santa Monica,California,1223.0,2.0,2.0,1125000.0,0-2M,1
854,Santa Monica,California,971.0,2.0,2.0,1279000.0,0-2M,1
855,Santa Monica,California,1641.0,2.0,3.0,1775000.0,0-2M,1
856,Santa Monica,California,1122.0,2.0,2.0,799000.0,0-2M,1
857,Santa Monica,California,1566.0,3.0,3.0,2895000.0,2M-5M,1
858,Santa Monica,California,1896.0,4.0,3.0,2700000.0,2M-5M,1
859,Santa Monica,California,1638.0,4.0,2.0,2095000.0,2M-5M,1
860,Santa Monica,California,1190.0,2.0,2.0,1995000.0,0-2M,1
861,Santa Monica,California,595.0,1.0,1.0,678000.0,0-2M,1
862,Santa Monica,California,832.0,2.0,2.0,775000.0,0-2M,1
863,Santa Monica,California,1677.0,2.0,3.0,1725000.0,0-2M,1
864,Santa Monica,California,1671.0,4.0,4.0,2275000.0,2M-5M,1
865,Santa Monica,California,1642.0,3.0,2.0,2789000.0,2M-5M,1
866,Santa Monica,California,4780.0,9.0,11.0,7250000.0,5M-10M,1
867,Santa Monica,California,3400.0,4.0,4.0,6150000.0,5M-10M,1
868,Santa Monica,California,1867.0,2.0,3.0,1399988.0,0-2M,1
869,Santa Monica,California,4159.0,5.0,6.0,6450000.0,5M-10M,1
870,Santa Monica,California,4212.0,12.0,6.0,2700000.0,2M-5M,1
871,Santa Monica,California,766.0,1.0,1.0,649000.0,0-2M,1
872,Santa Monica,California,823.0,1.0,1.0,998000.0,0-2M,1
873,Santa Monica,California,540.0,1.0,1.0,749000.0,0-2M,1
874,Santa Monica,California,1136.0,2.0,2.0,1100000.0,0-2M,1
875,Santa Monica,California,1504.0,2.0,3.0,1400000.0,0-2M,1
876,Santa Monica,California,2512.0,4.0,4.0,2399000.0,2M-5M,1
877,Santa Monica,California,1131.0,2.0,2.0,999000.0,0-2M,1
878,Santa Monica,California,641.0,1.0,1.0,599000.0,0-2M,1
879,Santa Monica,California,624.0,2.0,1.0,1100000.0,0-2M,1
880,Santa Monica,California,658.0,1.0,1.0,625000.0,0-2M,1
881,Santa Monica,California,3271.0,6.0,5.0,2850000.0,2M-5M,1
882,Santa Monica,California,1647.0,3.0,4.0,1300000.0,0-2M,1
883,Santa Monica,California,643.0,1.0,1.0,688000.0,0-2M,1
884,Santa Monica,California,1582.0,2.0,3.0,1295000.0,0-2M,1
885,Santa Monica,California,1366.0,2.0,3.0,1149000.0,0-2M,1
886,Santa Monica,California,2222.0,3.0,3.0,2799000.0,2M-5M,1
887,Santa Monica,California,1883.0,3.0,2.0,2300000.0,2M-5M,1
888,Santa Monica,California,2620.0,4.0,4.0,6295000.0,5M-10M,1
889,Santa Monica,California,1813.0,3.0,2.0,3195000.0,2M-5M,1
890,Santa Monica,California,3488.0,4.0,4.0,3650000.0,2M-5M,1
891,Santa Monica,California,6010.0,7.0,7.0,6995000.0,5M-10M,1
892,Santa Monica,California,802.0,2.0,1.0,785000.0,0-2M,1
893,Santa Monica,California,1510.0,3.0,3.0,1399000.0,0-2M,1
894,Santa Monica,California,2010.0,5.0,5.0,2699000.0,2M-5M,1
895,Santa Monica,California,1258.0,2.0,2.0,1399000.0,0-2M,1
896,Santa Monica,California,5198.0,6.0,7.0,9999000.0,5M-10M,1
897,Santa Monica,California,15554.0,21.0,23.0,7250000.0,5M-10M,1
898,Santa Monica,California,1870.0,3.0,4.0,1625000.0,0-2M,1
899,Santa Monica,California,3250.0,8.0,4.0,1999000.0,0-2M,1
900,Santa Monica,California,722.0,1.0,1.0,799000.0,0-2M,1
901,Santa Monica,California,1741.0,3.0,3.0,2295000.0,2M-5M,1
902,Santa Monica,California,1505.0,2.0,3.0,1195000.0,0-2M,1
903,Santa Monica,California,1470.0,2.0,3.0,1450000.0,0-2M,1
904,Santa Monica,California,1491.0,2.0,3.0,1500000.0,0-2M,1
905,Santa Monica,California,1103.0,2.0,2.0,985000.0,0-2M,1
906,Santa Monica,California,3005.0,3.0,4.0,3149000.0,2M-5M,1
907,Santa Monica,California,3243.0,4.0,5.0,3880000.0,2M-5M,1
908,Santa Monica,California,1022.0,2.0,2.0,885000.0,0-2M,1
909,Santa Monica,California,1581.0,3.0,2.0,1600000.0,0-2M,1
910,Santa Monica,California,2300.0,3.0,3.0,3895000.0,2M-5M,1
911,Santa Monica,California,1191.0,2.0,2.0,1195000.0,0-2M,1
912,Santa Monica,California,750.0,2.0,1.0,699000.0,0-2M,1
913,Santa Monica,California,1517.0,2.0,3.0,1649000.0,0-2M,1
914,Santa Monica,California,1581.0,2.0,3.0,1425000.0,0-2M,1
915,Santa Monica,California,3213.0,5.0,5.0,5995000.0,5M-10M,1
916,Santa Monica,California,1806.0,2.0,3.0,1499000.0,0-2M,1
917,Santa Monica,California,602.0,1.0,1.0,899000.0,0-2M,1
918,Santa Monica,California,2001.0,3.0,3.0,2250000.0,2M-5M,1
919,Santa Monica,California,4367.0,6.0,6.0,4350000.0,2M-5M,1
920,Santa Monica,California,1562.0,3.0,3.0,2450000.0,2M-5M,1
921,Santa Monica,California,1857.0,2.0,3.0,1799000.0,0-2M,1
922,Santa Monica,California,576.0,1.0,1.0,499000.0,0-2M,1
923,Santa Monica,California,576.0,1.0,1.0,795000.0,0-2M,1
924,Santa Monica,California,4548.0,5.0,6.0,5995000.0,5M-10M,1
925,Santa Monica,California,3232.0,3.0,4.0,10500000.0,10M-50M,1
926,Santa Monica,California,1394.0,2.0,3.0,2150000.0,2M-5M,1
927,Santa Monica,California,3430.0,6.0,6.0,3000000.0,2M-5M,1
928,Santa Monica,California,2001.0,4.0,3.0,2149000.0,2M-5M,1
929,Santa Monica,California,1574.0,2.0,2.0,2250000.0,2M-5M,1
930,Santa Monica,California,865.0,2.0,3.0,889000.0,0-2M,1
931,Santa Monica,California,1034.0,2.0,2.0,1250000.0,0-2M,1
932,Santa Monica,California,5409.0,5.0,5.0,6498000.0,5M-10M,1
933,Santa Monica,California,954.0,2.0,1.0,1798000.0,0-2M,1
934,Santa Monica,California,2075.0,2.0,3.0,1848000.0,0-2M,1
935,Santa Monica,California,1840.0,3.0,3.0,2195000.0,2M-5M,1
936,Santa Monica,California,1345.0,2.0,3.0,1495000.0,0-2M,1
937,Santa Monica,California,1786.0,3.0,2.0,2433000.0,2M-5M,1
938,Santa Monica,California,2915.0,3.0,4.0,1700000.0,0-2M,1
939,Santa Monica,California,3660.0,3.0,3.0,5995000.0,5M-10M,1
940,Santa Monica,California,3014.0,4.0,5.0,3650000.0,2M-5M,1
941,Santa Monica,California,2368.0,4.0,2.0,3498000.0,2M-5M,1
942,Santa Monica,California,1249.0,2.0,3.0,1275000.0,0-2M,1
943,Santa Monica,California,3127.0,7.0,5.0,2995000.0,2M-5M,1
944,Santa Monica,California,628.0,1.0,1.0,589000.0,0-2M,1
945,Santa Monica,California,3248.0,4.0,5.0,4195000.0,2M-5M,1
946,Santa Monica,California,970.0,2.0,2.0,779000.0,0-2M,1
947,Santa Monica,California,5521.0,5.0,7.0,7500000.0,5M-10M,1
948,Santa Monica,California,1092.0,2.0,2.0,1700000.0,0-2M,1
949,Santa Monica,California,4370.0,5.0,6.0,4994000.0,2M-5M,1
950,Santa Monica,California,6899.0,7.0,6.0,5195000.0,5M-10M,1
951,Santa Monica,California,3680.0,4.0,4.0,5799000.0,5M-10M,1
952,Santa Monica,California,731.0,1.0,1.0,950000.0,0-2M,1
953,Santa Monica,California,1723.0,2.0,3.0,1400000.0,0-2M,1
954,Santa Monica,California,3980.0,4.0,5.0,7695000.0,5M-10M,1
955,Santa Monica,California,854.0,2.0,1.0,647000.0,0-2M,1
956,Santa Monica,California,1500.0,2.0,2.0,1600000.0,0-2M,1
957,Santa Monica,California,1890.0,2.0,3.0,1315000.0,0-2M,1
958,Santa Monica,California,1660.0,2.0,2.0,1950000.0,0-2M,1
959,Santa Monica,California,1403.0,3.0,3.0,1449900.0,0-2M,1
960,Santa Monica,California,1520.0,3.0,2.0,3700000.0,2M-5M,1
961,Santa Monica,California,1638.0,4.0,2.0,2095000.0,2M-5M,1
962,Santa Monica,California,1416.0,2.0,3.0,1479000.0,0-2M,1
963,Santa Monica,California,1142.0,2.0,2.0,1099000.0,0-2M,1
964,Santa Monica,California,1458.0,2.0,3.0,1080000.0,0-2M,1
965,Santa Monica,California,1301.0,2.0,3.0,1500000.0,0-2M,1
966,Santa Monica,California,1939.0,2.0,3.0,1395000.0,0-2M,1
967,Santa Monica,California,1256.0,2.0,3.0,999000.0,0-2M,1
968,Santa Monica,California,1149.0,2.0,2.0,1850000.0,0-2M,1
969,Santa Monica,California,1296.0,3.0,2.0,2495000.0,2M-5M,1
970,Santa Monica,California,2261.0,3.0,3.0,2749000.0,2M-5M,1
971,Santa Monica,California,658.0,1.0,1.0,625000.0,0-2M,1
972,Santa Monica,California,569.0,1.0,1.0,499000.0,0-2M,1
973,Santa Monica,California,1872.0,3.0,2.0,2295000.0,2M-5M,1
974,Santa Monica,California,1009.0,2.0,2.0,1144000.0,0-2M,1
975,Santa Monica,California,2094.0,3.0,3.0,2495000.0,2M-5M,1
976,Santa Monica,California,3302.0,4.0,3.0,3295000.0,2M-5M,1
977,Santa Monica,California,1924.0,2.0,3.0,3350000.0,2M-5M,1
978,Santa Monica,California,1039.0,2.0,2.0,969000.0,0-2M,1
979,Santa Monica,California,3920.0,7.0,7.0,2695000.0,2M-5M,1
980,Santa Monica,California,1074.0,2.0,1.0,2349000.0,2M-5M,1
981,Santa Monica,California,823.0,1.0,1.0,899000.0,0-2M,1
982,Santa Monica,California,804.0,2.0,2.0,799500.0,0-2M,1
983,Santa Monica,California,1232.0,2.0,2.0,2095000.0,2M-5M,1
984,Santa Monica,California,507.0,1.0,1.0,689000.0,0-2M,1
985,Santa Monica,California,2716.0,4.0,3.0,4300000.0,2M-5M,1
986,Santa Monica,California,1994.0,2.0,3.0,1995000.0,0-2M,1
987,Santa Monica,California,3186.0,6.0,5.0,2775000.0,2M-5M,1
988,Santa Monica,California,1221.0,2.0,2.0,998000.0,0-2M,1
989,Santa Monica,California,845.0,2.0,1.0,649000.0,0-2M,1
990,Santa Monica,California,1367.0,2.0,3.0,989000.0,0-2M,1
991,Santa Monica,California,1456.0,3.0,3.0,1099000.0,0-2M,1
992,Santa Monica,California,1380.0,3.0,2.0,1479000.0,0-2M,1
993,Santa Monica,California,2282.0,4.0,5.0,3495000.0,2M-5M,1
994,Santa Monica,California,595.0,1.0,1.0,678000.0,0-2M,1
995,Santa Monica,California,4903.0,8.0,10.0,3200000.0,2M-5M,1
996,Santa Monica,California,1190.0,2.0,2.0,1995000.0,0-2M,1
997,Santa Monica,California,1046.0,2.0,2.0,1195000.0,0-2M,1
998,Santa Monica,California,600.0,1.0,1.0,725000.0,0-2M,1
999,Santa Monica,California,726.0,1.0,1.0,775000.0,0-2M,1
1000,Santa Monica,California,1670.0,2.0,3.0,1899000.0,0-2M,1
1001,Santa Monica,California,1655.0,2.0,2.0,1333000.0,0-2M,1
1002,Santa Monica,California,4460.0,5.0,6.0,5575000.0,5M-10M,1
1003,Santa Monica,California,1252.0,3.0,3.0,999500.0,0-2M,1
1004,Santa Monica,California,588.0,1.0,1.0,600000.0,0-2M,1
1005,Santa Monica,California,964.0,2.0,2.0,659000.0,0-2M,1
1006,Santa Monica,California,1257.0,2.0,2.0,999000.0,0-2M,1
1007,Santa Monica,California,2094.0,3.0,3.0,2495000.0,2M-5M,1
1008,Santa Monica,California,1190.0,2.0,2.0,1895000.0,0-2M,1
1009,Santa Monica,California,4700.0,5.0,4.0,4200000.0,2M-5M,1
1010,Santa Monica,California,717.0,1.0,1.0,589000.0,0-2M,1
1011,Santa Monica,California,1842.0,3.0,3.0,2595000.0,2M-5M,1
1012,Santa Monica,California,1584.0,3.0,3.0,1749000.0,0-2M,1
1013,Santa Monica,California,2109.0,3.0,2.0,2995000.0,2M-5M,1
1014,Santa Monica,California,6318.0,8.0,6.0,2995000.0,2M-5M,1
1015,Santa Monica,California,1621.0,2.0,2.0,2397000.0,2M-5M,1
1016,Santa Monica,California,1028.0,2.0,2.0,898000.0,0-2M,1
1017,Santa Monica,California,1502.0,2.0,2.0,1499000.0,0-2M,1
1018,Santa Monica,California,878.0,2.0,2.0,899000.0,0-2M,1
1019,Santa Monica,California,8076.0,12.0,10.0,5600000.0,5M-10M,1
1020,Santa Monica,California,1460.0,3.0,3.0,1459000.0,0-2M,1
1021,Santa Monica,California,1379.0,3.0,2.0,1995000.0,0-2M,1
1022,Santa Monica,California,1088.0,3.0,2.0,1149000.0,0-2M,1
1023,Santa Monica,California,5125.0,6.0,8.0,7950000.0,5M-10M,1
1024,Santa Monica,California,1721.0,2.0,3.0,1389000.0,0-2M,1
1025,Santa Monica,California,1906.0,3.0,3.0,2295000.0,2M-5M,1
1026,Santa Monica,California,662.0,1.0,1.0,699000.0,0-2M,1
1027,Santa Monica,California,629.0,1.0,1.0,599000.0,0-2M,1
1028,Santa Monica,California,668.0,1.0,1.0,608000.0,0-2M,1
1029,Santa Monica,California,1716.0,3.0,3.0,2975000.0,2M-5M,1
1030,Santa Monica,California,2400.0,3.0,3.0,1250000.0,0-2M,1
1031,Santa Monica,California,1160.0,3.0,2.0,760000.0,0-2M,1
1032,Santa Monica,California,1370.0,2.0,2.0,1449000.0,0-2M,1
1033,Santa Monica,California,1461.0,3.0,2.0,3350000.0,2M-5M,1
1034,Santa Monica,California,7424.0,13.0,11.0,7265000.0,5M-10M,1
1035,Santa Monica,California,1164.0,3.0,1.0,1799000.0,0-2M,1
1036,Santa Monica,California,570.0,1.0,1.0,559000.0,0-2M,1
1037,Santa Monica,California,4361.0,4.0,5.0,6970000.0,5M-10M,1
1038,Santa Monica,California,1450.0,2.0,3.0,1195000.0,0-2M,1
1039,Santa Monica,California,2902.0,2.0,3.0,4995000.0,2M-5M,1
1040,Santa Monica,California,1098.0,2.0,2.0,1595000.0,0-2M,1
1041,Santa Monica,California,1140.0,2.0,2.0,2395000.0,2M-5M,1
1042,Santa Monica,California,1321.0,2.0,3.0,1099988.0,0-2M,1
1043,Santa Monica,California,1952.0,3.0,3.0,2275000.0,2M-5M,1
1044,Santa Monica,California,650.0,1.0,1.0,549000.0,0-2M,1
1045,Santa Monica,California,1402.0,2.0,2.0,2289888.0,2M-5M,1
1046,Santa Monica,California,1358.0,3.0,3.0,1125000.0,0-2M,1
1047,Santa Monica,California,4850.0,6.0,5.0,12499000.0,10M-50M,1
1048,Santa Monica,California,2450.0,3.0,4.0,2695000.0,2M-5M,1
1049,Santa Monica,California,1140.0,1.0,2.0,1695000.0,0-2M,1
1050,Santa Monica,California,1052.0,2.0,2.0,1125000.0,0-2M,1
1051,Santa Monica,California,1286.0,2.0,3.0,1175000.0,0-2M,1
1052,Santa Monica,California,5650.0,9.0,8.0,3145000.0,2M-5M,1
1053,Santa Monica,California,1612.0,3.0,3.0,1599000.0,0-2M,1
1054,Santa Monica,California,7022.0,15.0,16.0,3199000.0,2M-5M,1
1055,Santa Monica,California,870.0,2.0,1.0,948888.0,0-2M,1
1056,Santa Monica,California,1359.0,2.0,3.0,999000.0,0-2M,1
1057,Santa Monica,California,1585.0,2.0,2.0,2599000.0,2M-5M,1
1058,Santa Monica,California,1605.0,2.0,3.0,2349800.0,2M-5M,1
1059,Santa Monica,California,1381.0,2.0,3.0,1300000.0,0-2M,1
1060,Santa Monica,California,1030.0,1.0,2.0,949000.0,0-2M,1
1061,Santa Monica,California,1861.0,3.0,3.0,2850000.0,2M-5M,1
1062,Santa Monica,California,1868.0,2.0,2.0,1825000.0,0-2M,1
1063,Santa Monica,California,1715.0,3.0,3.0,2249000.0,2M-5M,1
1064,Santa Monica,California,1953.0,3.0,3.0,2195000.0,2M-5M,1
1065,Santa Monica,California,1152.0,2.0,2.0,995000.0,0-2M,1
1066,Santa Monica,California,1243.0,2.0,2.0,1199000.0,0-2M,1
1067,Santa Monica,California,3360.0,5.0,4.0,2195000.0,2M-5M,1
1068,Santa Monica,California,2111.0,2.0,2.0,4375000.0,2M-5M,1
1069,Santa Monica,California,1355.0,2.0,2.0,829000.0,0-2M,1
1070,Santa Monica,California,4479.0,5.0,7.0,4295000.0,2M-5M,1
1071,Santa Monica,California,1142.0,3.0,1.0,2150000.0,2M-5M,1
1072,Santa Monica,California,3915.0,4.0,6.0,8995000.0,5M-10M,1
1073,Santa Monica,California,1800.0,4.0,2.0,2495000.0,2M-5M,1
1074,Santa Monica,California,1103.0,2.0,2.0,890000.0,0-2M,1
1075,Santa Monica,California,6553.0,6.0,8.0,7549000.0,5M-10M,1
1076,Santa Monica,California,7514.0,13.0,14.0,3595000.0,2M-5M,1
1077,Santa Monica,California,972.0,1.0,1.0,875000.0,0-2M,1
1078,Santa Monica,California,1380.0,2.0,2.0,1149000.0,0-2M,1
1079,Santa Monica,California,958.0,2.0,2.0,650000.0,0-2M,1
1080,Santa Monica,California,668.0,1.0,1.0,649000.0,0-2M,1
1081,Santa Monica,California,1487.0,3.0,3.0,1200000.0,0-2M,1
1082,Santa Monica,California,1661.0,2.0,2.0,1695000.0,0-2M,1
1083,Santa Monica,California,1491.0,3.0,3.0,899000.0,0-2M,1
1084,Santa Monica,California,1334.0,2.0,3.0,1050000.0,0-2M,1
1085,Santa Monica,California,5068.0,5.0,5.0,5589000.0,5M-10M,1
1086,Santa Monica,California,1434.0,2.0,3.0,1199000.0,0-2M,1
1087,Santa Monica,California,885.0,2.0,2.0,825000.0,0-2M,1
1088,Santa Monica,California,1750.0,4.0,3.0,2390000.0,2M-5M,1
1089,Santa Monica,California,5262.0,10.0,7.0,3325000.0,2M-5M,1
1090,Santa Monica,California,2459.0,3.0,3.0,2195000.0,2M-5M,1
1091,Santa Monica,California,868.0,1.0,1.0,675000.0,0-2M,1
1092,Santa Monica,California,1357.0,2.0,3.0,1495000.0,0-2M,1
1093,Santa Monica,California,3970.0,5.0,6.0,2475000.0,2M-5M,1
1094,Santa Monica,California,1342.0,2.0,3.0,1899000.0,0-2M,1
1095,Santa Monica,California,728.0,1.0,1.0,699000.0,0-2M,1
1096,Santa Monica,California,2212.0,4.0,3.0,1765000.0,0-2M,1
1097,Santa Monica,California,2134.0,4.0,2.0,3250000.0,2M-5M,1
1098,Santa Monica,California,2117.0,3.0,4.0,2500000.0,2M-5M,1
1099,Santa Monica,California,2405.0,3.0,4.0,3448000.0,2M-5M,1
1100,Santa Monica,California,1335.0,3.0,3.0,1125000.0,0-2M,1
1101,Santa Monica,California,6948.0,13.0,13.0,4200000.0,2M-5M,1
1102,Santa Monica,California,1344.0,2.0,2.0,1349000.0,0-2M,1
1103,Santa Monica,California,4988.0,5.0,7.0,6750000.0,5M-10M,1
1104,Santa Monica,California,1148.0,3.0,2.0,1750000.0,0-2M,1
1105,Santa Monica,California,7200.0,7.0,10.0,8995000.0,5M-10M,1
1106,Santa Monica,California,2778.0,4.0,3.0,2500000.0,2M-5M,1
1107,Santa Monica,California,1471.0,2.0,2.0,1099000.0,0-2M,1
1108,Santa Monica,California,6200.0,7.0,8.0,7250000.0,5M-10M,1
1109,Santa Monica,California,1320.0,2.0,2.0,1550000.0,0-2M,1
1110,Santa Monica,California,2159.0,3.0,3.0,1499000.0,0-2M,1
1111,Santa Monica,California,1680.0,3.0,2.0,2375000.0,2M-5M,1
1112,Santa Monica,California,1813.0,3.0,5.0,1695000.0,0-2M,1
1113,Santa Monica,California,1328.0,3.0,2.0,1795000.0,0-2M,1
1114,Santa Monica,California,1573.0,2.0,3.0,1099000.0,0-2M,1
1115,Santa Monica,California,2147.0,3.0,3.0,2588000.0,2M-5M,1
1116,Santa Monica,California,5183.0,4.0,6.0,6500000.0,5M-10M,1
1117,Santa Monica,California,3005.0,3.0,4.0,3299000.0,2M-5M,1
1118,Santa Monica,California,4738.0,5.0,4.0,6895000.0,5M-10M,1
1119,Santa Monica,California,1479.0,1.0,2.0,1498000.0,0-2M,1
1120,Santa Monica,California,2299.0,3.0,3.0,3950000.0,2M-5M,1
1121,Santa Monica,California,1170.0,1.0,2.0,1069000.0,0-2M,1
1122,Santa Monica,California,1558.0,3.0,3.0,1195000.0,0-2M,1
1123,Santa Monica,California,1490.0,2.0,3.0,1099000.0,0-2M,1
1124,Santa Monica,California,3302.0,3.0,3.0,3750000.0,2M-5M,1
1125,Santa Monica,California,474.0,1.0,1.0,590000.0,0-2M,1
1126,Santa Monica,California,1848.0,2.0,2.0,3999000.0,2M-5M,1
1127,Santa Monica,California,1187.0,2.0,3.0,1049000.0,0-2M,1
1128,Santa Monica,California,2782.0,4.0,3.0,5495000.0,5M-10M,1
1129,Santa Monica,California,5040.0,5.0,5.0,5950000.0,5M-10M,1
1130,Santa Monica,California,5586.0,6.0,6.0,11999000.0,10M-50M,1
1131,Santa Monica,California,3490.0,5.0,4.0,5985000.0,5M-10M,1
1132,Santa Monica,California,3612.0,5.0,4.0,4479000.0,2M-5M,1
1133,Santa Monica,California,868.0,1.0,1.0,769000.0,0-2M,1
1134,Santa Monica,California,1065.0,2.0,2.0,1299000.0,0-2M,1
1135,Santa Monica,California,1607.0,3.0,3.0,1750000.0,0-2M,1
1136,Santa Monica,California,1300.0,1.0,2.0,1349000.0,0-2M,1
1137,Santa Monica,California,3138.0,4.0,4.0,4750000.0,2M-5M,1
1138,Santa Monica,California,1157.0,2.0,2.0,898000.0,0-2M,1
1139,Santa Monica,California,1811.0,2.0,3.0,1599995.0,0-2M,1
1140,Santa Monica,California,1596.0,2.0,3.0,1455000.0,0-2M,1
1141,Santa Monica,California,1448.0,2.0,2.0,2500000.0,2M-5M,1
1142,Santa Monica,California,2977.0,4.0,4.0,2349000.0,2M-5M,1
1143,Santa Monica,California,2921.0,6.0,5.0,2600000.0,2M-5M,1
1144,Santa Monica,California,3858.0,4.0,5.0,7350000.0,5M-10M,1
1145,Santa Monica,California,8872.0,6.0,9.0,9995000.0,5M-10M,1
1146,Santa Monica,California,1501.0,4.0,2.0,2350000.0,2M-5M,1
1147,Santa Monica,California,2006.0,4.0,3.0,2995000.0,2M-5M,1
1148,Santa Monica,California,14399.0,15.0,16.0,7200000.0,5M-10M,1
1149,Santa Monica,California,2000.0,2.0,2.0,995000.0,0-2M,1
1150,Santa Monica,California,1552.0,3.0,2.0,1198000.0,0-2M,1
1151,Santa Monica,California,3675.0,11.0,5.0,2675000.0,2M-5M,1
1152,Santa Monica,California,1279.0,2.0,2.0,1150000.0,0-2M,1
1153,Santa Monica,California,916.0,2.0,2.0,910000.0,0-2M,1
1154,Santa Monica,California,2467.0,3.0,3.0,1949000.0,0-2M,1
1155,Santa Monica,California,3549.0,6.0,5.0,4500000.0,2M-5M,1
1156,Santa Monica,California,618.0,1.0,1.0,749000.0,0-2M,1
1157,Santa Monica,California,4978.0,5.0,7.0,6795000.0,5M-10M,1
1158,Santa Monica,California,1420.0,2.0,2.0,1495000.0,0-2M,1
1159,Santa Monica,California,1584.0,2.0,3.0,1325000.0,0-2M,1
1160,Santa Monica,California,1827.0,3.0,3.0,1650000.0,0-2M,1
1161,Santa Monica,California,1305.0,2.0,2.0,1395000.0,0-2M,1
1162,Santa Monica,California,1250.0,3.0,2.0,1600000.0,0-2M,1
1163,Santa Monica,California,1324.0,2.0,3.0,3199000.0,2M-5M,1
1164,Santa Monica,California,615.0,1.0,1.0,645000.0,0-2M,1
1165,Santa Monica,California,3660.0,4.0,3.0,2795000.0,2M-5M,1
1166,Santa Monica,California,2332.0,4.0,4.0,4900000.0,2M-5M,1
1167,Santa Monica,California,1450.0,3.0,2.0,2595000.0,2M-5M,1
1168,Santa Monica,California,1450.0,3.0,2.0,1850000.0,0-2M,1
1169,Santa Monica,California,5351.0,6.0,7.0,10995000.0,10M-50M,1
1170,Santa Monica,California,880.0,2.0,2.0,849000.0,0-2M,1
1171,Santa Monica,California,1124.0,2.0,2.0,2250000.0,2M-5M,1
1172,Santa Monica,California,4406.0,5.0,3.0,2725000.0,2M-5M,1
1173,Santa Monica,California,1644.0,3.0,2.0,2229000.0,2M-5M,1
1174,Santa Monica,California,8432.0,6.0,8.0,12995000.0,10M-50M,1
1175,Santa Monica,California,1228.0,2.0,2.0,1950000.0,0-2M,1
1176,Santa Monica,California,6485.0,7.0,6.0,10995000.0,10M-50M,1
1177,Santa Monica,California,3300.0,4.0,4.0,4950000.0,2M-5M,1
1178,Santa Monica,California,1565.0,3.0,2.0,1800000.0,0-2M,1
1179,Santa Monica,California,781.0,2.0,1.0,749000.0,0-2M,1
1180,Santa Monica,California,3050.0,8.0,4.0,1888000.0,0-2M,1
1181,Santa Monica,California,647.0,1.0,1.0,699950.0,0-2M,1
1182,Santa Monica,California,1718.0,3.0,3.0,1565000.0,0-2M,1
1183,Santa Monica,California,3363.0,5.0,5.0,6450000.0,5M-10M,1
1184,Santa Monica,California,1583.0,2.0,3.0,1495000.0,0-2M,1
1185,Santa Monica,California,2067.0,3.0,3.0,1688888.0,0-2M,1
1186,Santa Monica,California,1785.0,2.0,3.0,1995000.0,0-2M,1
1187,Santa Monica,California,3256.0,5.0,4.0,3688000.0,2M-5M,1
1188,Santa Monica,California,922.0,2.0,2.0,1150000.0,0-2M,1
1189,Santa Monica,California,2913.0,4.0,4.0,4598000.0,2M-5M,1
1190,Santa Monica,California,3819.0,5.0,5.0,3998000.0,2M-5M,1
1191,Santa Monica,California,756.0,1.0,1.0,699000.0,0-2M,1
1192,Santa Monica,California,1453.0,2.0,2.0,1295000.0,0-2M,1
1193,Santa Monica,California,4119.0,5.0,6.0,4495000.0,2M-5M,1
1194,Santa Monica,California,2561.0,3.0,3.0,2800000.0,2M-5M,1
1195,Santa Monica,California,942.0,2.0,2.0,1050000.0,0-2M,1
1196,Santa Monica,California,3400.0,5.0,5.0,3400000.0,2M-5M,1
1197,Santa Monica,California,1545.0,3.0,1.0,1950000.0,0-2M,1
1198,Santa Monica,California,919.0,2.0,2.0,919000.0,0-2M,1
1199,Santa Monica,California,1403.0,3.0,3.0,1199000.0,0-2M,1
1200,Santa Monica,California,2060.0,2.0,2.0,1550000.0,0-2M,1
1201,Santa Monica,California,1890.0,2.0,3.0,1295000.0,0-2M,1
1202,Santa Monica,California,1775.0,3.0,3.0,1575000.0,0-2M,1
1203,Santa Monica,California,982.0,2.0,2.0,955000.0,0-2M,1
1204,Santa Monica,California,1763.0,3.0,3.0,2295000.0,2M-5M,1
1205,Santa Monica,California,1742.0,3.0,3.0,2595000.0,2M-5M,1
1206,Santa Monica,California,1350.0,3.0,2.0,1295000.0,0-2M,1
1207,Santa Monica,California,1009.0,2.0,2.0,899000.0,0-2M,1
1208,Santa Monica,California,1595.0,3.0,3.0,1099000.0,0-2M,1
1209,Santa Monica,California,875.0,2.0,2.0,860000.0,0-2M,1
1210,Santa Monica,California,1432.0,2.0,3.0,1300000.0,0-2M,1
1211,Santa Monica,California,1073.0,2.0,2.0,1245000.0,0-2M,1
1212,Santa Monica,California,2375.0,3.0,3.0,2199000.0,2M-5M,1
1213,Santa Monica,California,2665.0,2.0,3.0,2425000.0,2M-5M,1
1214,Santa Monica,California,6710.0,6.0,7.0,7489000.0,5M-10M,1
1215,Santa Monica,California,1317.0,2.0,3.0,1175000.0,0-2M,1
1216,Santa Monica,California,2492.0,4.0,3.0,2999999.0,2M-5M,1
1217,Santa Monica,California,724.0,1.0,1.0,694500.0,0-2M,1
1218,Santa Monica,California,5375.0,14.0,8.0,2595000.0,2M-5M,1
1219,Santa Monica,California,4923.0,6.0,5.0,7000000.0,5M-10M,1
1220,Santa Monica,California,1670.0,2.0,3.0,1799990.0,0-2M,1
1221,Santa Monica,California,1397.0,1.0,2.0,1399000.0,0-2M,1
1222,Santa Monica,California,1213.0,3.0,1.0,1695000.0,0-2M,1
1223,Santa Monica,California,2600.0,3.0,4.0,2590000.0,2M-5M,1
1224,Santa Monica,California,1476.0,2.0,3.0,1495000.0,0-2M,1
1225,Santa Monica,California,1654.0,3.0,2.0,1250000.0,0-2M,1
1226,Stamford,Connecticut,1458.0,4.0,3.0,529800.0,0-2M,2
1227,Stamford,Connecticut,1969.0,3.0,2.0,575000.0,0-2M,2
1228,Stamford,Connecticut,3189.0,4.0,4.0,1100000.0,0-2M,2
1229,Stamford,Connecticut,1240.0,2.0,2.0,319000.0,0-2M,2
1230,Stamford,Connecticut,720.0,1.0,1.0,225000.0,0-2M,2
1231,Stamford,Connecticut,430.0,1.0,1.0,159900.0,0-2M,2
1232,Stamford,Connecticut,1460.0,3.0,3.0,420000.0,0-2M,2
1233,Stamford,Connecticut,20264.0,19.0,24.0,9385000.0,5M-10M,2
1234,Stamford,Connecticut,3726.0,4.0,4.0,899000.0,0-2M,2
1235,Stamford,Connecticut,1335.0,2.0,2.0,514000.0,0-2M,2
1236,Stamford,Connecticut,2489.0,4.0,2.0,600000.0,0-2M,2
1237,Stamford,Connecticut,900.0,2.0,1.0,170000.0,0-2M,2
1238,Stamford,Connecticut,2104.0,3.0,2.0,399000.0,0-2M,2
1239,Stamford,Connecticut,675.0,2.0,1.0,219900.0,0-2M,2
1240,Stamford,Connecticut,2398.0,2.0,4.0,559900.0,0-2M,2
1241,Stamford,Connecticut,2115.0,3.0,3.0,999000.0,0-2M,2
1242,Stamford,Connecticut,2049.0,4.0,2.0,475000.0,0-2M,2
1243,Stamford,Connecticut,6554.0,7.0,9.0,1700000.0,0-2M,2
1244,Stamford,Connecticut,958.0,2.0,2.0,151066.0,0-2M,2
1245,Stamford,Connecticut,2801.0,6.0,5.0,699000.0,0-2M,2
1246,Stamford,Connecticut,2002.0,3.0,2.0,699000.0,0-2M,2
1247,Stamford,Connecticut,1588.0,4.0,2.0,460000.0,0-2M,2
1248,Stamford,Connecticut,3648.0,5.0,4.0,915000.0,0-2M,2
1249,Stamford,Connecticut,1003.0,1.0,2.0,275000.0,0-2M,2
1250,Stamford,Connecticut,2995.0,4.0,5.0,1125000.0,0-2M,2
1251,Stamford,Connecticut,831.0,1.0,1.0,219999.0,0-2M,2
1252,Stamford,Connecticut,1451.0,3.0,3.0,295000.0,0-2M,2
1253,Stamford,Connecticut,2344.0,4.0,3.0,599000.0,0-2M,2
1254,Stamford,Connecticut,1100.0,2.0,1.0,199900.0,0-2M,2
1255,Stamford,Connecticut,1864.0,4.0,3.0,650000.0,0-2M,2
1256,Stamford,Connecticut,1281.0,4.0,2.0,499000.0,0-2M,2
1257,Stamford,Connecticut,431.0,1.0,1.0,149900.0,0-2M,2
1258,Stamford,Connecticut,1990.0,4.0,4.0,820000.0,0-2M,2
1259,Stamford,Connecticut,958.0,2.0,2.0,180941.0,0-2M,2
1260,Stamford,Connecticut,6226.0,6.0,7.0,1399000.0,0-2M,2
1261,Stamford,Connecticut,7295.0,5.0,7.0,1699000.0,0-2M,2
1262,Stamford,Connecticut,2904.0,4.0,3.0,1099000.0,0-2M,2
1263,Stamford,Connecticut,1396.0,3.0,2.0,500000.0,0-2M,2
1264,Stamford,Connecticut,1066.0,1.0,2.0,389000.0,0-2M,2
1265,Stamford,Connecticut,677.0,1.0,1.0,294000.0,0-2M,2
1266,Stamford,Connecticut,1100.0,2.0,1.0,245000.0,0-2M,2
1267,Stamford,Connecticut,587.0,1.0,1.0,172900.0,0-2M,2
1268,Stamford,Connecticut,3563.0,5.0,4.0,1700000.0,0-2M,2
1269,Stamford,Connecticut,847.0,1.0,1.0,239000.0,0-2M,2
1270,Stamford,Connecticut,1512.0,3.0,2.0,615000.0,0-2M,2
1271,Stamford,Connecticut,1500.0,3.0,2.0,525000.0,0-2M,2
1272,Stamford,Connecticut,905.0,2.0,1.0,170000.0,0-2M,2
1273,Stamford,Connecticut,1450.0,3.0,2.0,529000.0,0-2M,2
1274,Stamford,Connecticut,1742.0,3.0,2.0,550000.0,0-2M,2
1275,Stamford,Connecticut,1200.0,3.0,2.0,230000.0,0-2M,2
1276,Stamford,Connecticut,875.0,1.0,1.0,335000.0,0-2M,2
1277,Stamford,Connecticut,4899.0,4.0,5.0,1170000.0,0-2M,2
1278,Stamford,Connecticut,1280.0,2.0,3.0,375000.0,0-2M,2
1279,Stamford,Connecticut,1070.0,2.0,2.0,270000.0,0-2M,2
1280,Stamford,Connecticut,1530.0,2.0,3.0,760000.0,0-2M,2
1281,Stamford,Connecticut,2276.0,6.0,4.0,749000.0,0-2M,2
1282,Stamford,Connecticut,1637.0,2.0,2.0,400000.0,0-2M,2
1283,Stamford,Connecticut,3335.0,5.0,5.0,1499000.0,0-2M,2
1284,Stamford,Connecticut,1322.0,3.0,2.0,325000.0,0-2M,2
1285,Stamford,Connecticut,648.0,1.0,1.0,190000.0,0-2M,2
1286,Stamford,Connecticut,3983.0,5.0,4.0,1095000.0,0-2M,2
1287,Stamford,Connecticut,1920.0,4.0,2.0,635000.0,0-2M,2
1288,Stamford,Connecticut,2778.0,5.0,2.0,699000.0,0-2M,2
1289,Stamford,Connecticut,2535.0,4.0,4.0,579000.0,0-2M,2
1290,Stamford,Connecticut,3744.0,5.0,5.0,2189000.0,2M-5M,2
1291,Stamford,Connecticut,1209.0,2.0,1.0,550000.0,0-2M,2
1292,Stamford,Connecticut,1593.0,3.0,2.0,587000.0,0-2M,2
1293,Stamford,Connecticut,885.0,1.0,1.0,207500.0,0-2M,2
1294,Stamford,Connecticut,1479.0,2.0,2.0,415000.0,0-2M,2
1295,Stamford,Connecticut,1943.0,3.0,2.0,599000.0,0-2M,2
1296,Stamford,Connecticut,885.0,1.0,1.0,205000.0,0-2M,2
1297,Stamford,Connecticut,3291.0,4.0,3.0,489000.0,0-2M,2
1298,Stamford,Connecticut,1700.0,3.0,3.0,619000.0,0-2M,2
1299,Stamford,Connecticut,875.0,2.0,1.0,239000.0,0-2M,2
1300,Stamford,Connecticut,4226.0,4.0,5.0,1230000.0,0-2M,2
1301,Stamford,Connecticut,1460.0,3.0,3.0,419000.0,0-2M,2
1302,Stamford,Connecticut,3204.0,4.0,4.0,1189000.0,0-2M,2
1303,Stamford,Connecticut,1574.0,2.0,2.0,599000.0,0-2M,2
1304,Stamford,Connecticut,1761.0,4.0,2.0,725000.0,0-2M,2
1305,Stamford,Connecticut,3566.0,5.0,5.0,950000.0,0-2M,2
1306,Stamford,Connecticut,1276.0,2.0,2.0,345000.0,0-2M,2
1307,Stamford,Connecticut,651.0,1.0,1.0,299000.0,0-2M,2
1308,Stamford,Connecticut,1278.0,2.0,2.0,399000.0,0-2M,2
1309,Stamford,Connecticut,1840.0,3.0,2.0,699000.0,0-2M,2
1310,Stamford,Connecticut,875.0,2.0,1.0,219000.0,0-2M,2
1311,Stamford,Connecticut,2560.0,5.0,3.0,709000.0,0-2M,2
1312,Stamford,Connecticut,569.0,1.0,1.0,165000.0,0-2M,2
1313,Stamford,Connecticut,575.0,1.0,1.0,169000.0,0-2M,2
1314,Stamford,Connecticut,725.0,1.0,1.0,219222.0,0-2M,2
1315,Stamford,Connecticut,712.0,1.0,1.0,209500.0,0-2M,2
1316,Stamford,Connecticut,1408.0,3.0,3.0,990000.0,0-2M,2
1317,Stamford,Connecticut,750.0,1.0,1.0,154000.0,0-2M,2
1318,Stamford,Connecticut,2137.0,4.0,3.0,599000.0,0-2M,2
1319,Stamford,Connecticut,1325.0,2.0,1.0,325000.0,0-2M,2
1320,Stamford,Connecticut,990.0,2.0,1.0,295000.0,0-2M,2
1321,Stamford,Connecticut,1083.0,2.0,1.0,294000.0,0-2M,2
1322,Stamford,Connecticut,3128.0,4.0,4.0,799000.0,0-2M,2
1323,Stamford,Connecticut,900.0,2.0,1.0,220000.0,0-2M,2
1324,Stamford,Connecticut,2240.0,4.0,4.0,699000.0,0-2M,2
1325,Stamford,Connecticut,1676.0,4.0,2.0,599000.0,0-2M,2
1326,Stamford,Connecticut,900.0,2.0,1.0,247500.0,0-2M,2
1327,Stamford,Connecticut,1708.0,4.0,3.0,679000.0,0-2M,2
1328,Stamford,Connecticut,750.0,1.0,1.0,260000.0,0-2M,2
1329,Stamford,Connecticut,3501.0,4.0,3.0,895000.0,0-2M,2
1330,Stamford,Connecticut,1530.0,2.0,3.0,579000.0,0-2M,2
1331,Stamford,Connecticut,4110.0,5.0,3.0,1499000.0,0-2M,2
1332,Stamford,Connecticut,1550.0,2.0,2.0,599000.0,0-2M,2
1333,Stamford,Connecticut,2383.0,3.0,3.0,599000.0,0-2M,2
1334,Stamford,Connecticut,1530.0,2.0,3.0,500000.0,0-2M,2
1335,Stamford,Connecticut,2072.0,3.0,3.0,545500.0,0-2M,2
1336,Stamford,Connecticut,3000.0,4.0,3.0,749000.0,0-2M,2
1337,Stamford,Connecticut,5204.0,5.0,6.0,1279000.0,0-2M,2
1338,Stamford,Connecticut,3335.0,5.0,5.0,1479000.0,0-2M,2
1339,Stamford,Connecticut,2113.0,3.0,3.0,988100.0,0-2M,2
1340,Stamford,Connecticut,5114.0,6.0,6.0,1350000.0,0-2M,2
1341,Stamford,Connecticut,2180.0,4.0,4.0,739900.0,0-2M,2
1342,Stamford,Connecticut,1404.0,3.0,1.0,359900.0,0-2M,2
1343,Stamford,Connecticut,1428.0,3.0,1.0,524900.0,0-2M,2
1344,Stamford,Connecticut,2223.0,4.0,2.0,635000.0,0-2M,2
1345,Stamford,Connecticut,1720.0,3.0,2.0,390000.0,0-2M,2
1346,Stamford,Connecticut,847.0,2.0,1.0,210000.0,0-2M,2
1347,Stamford,Connecticut,2328.0,4.0,2.0,555000.0,0-2M,2
1348,Stamford,Connecticut,2723.0,4.0,4.0,810000.0,0-2M,2
1349,Stamford,Connecticut,1309.0,4.0,2.0,525000.0,0-2M,2
1350,Stamford,Connecticut,1608.0,4.0,2.0,639000.0,0-2M,2
1351,Stamford,Connecticut,1836.0,4.0,4.0,645000.0,0-2M,2
1352,Stamford,Connecticut,2972.0,5.0,3.0,899000.0,0-2M,2
1353,Stamford,Connecticut,2586.0,4.0,3.0,755000.0,0-2M,2
1354,Stamford,Connecticut,1295.0,3.0,2.0,509000.0,0-2M,2
1355,Stamford,Connecticut,2549.0,3.0,3.0,724900.0,0-2M,2
1356,Stamford,Connecticut,608.0,1.0,1.0,165000.0,0-2M,2
1357,Stamford,Connecticut,1786.0,3.0,2.0,599000.0,0-2M,2
1358,Stamford,Connecticut,1510.0,2.0,2.0,439000.0,0-2M,2
1359,Stamford,Connecticut,1892.0,3.0,2.0,599777.0,0-2M,2
1360,Stamford,Connecticut,1548.0,4.0,2.0,530000.0,0-2M,2
1361,Stamford,Connecticut,4982.0,5.0,5.0,1400000.0,0-2M,2
1362,Stamford,Connecticut,1938.0,3.0,3.0,629000.0,0-2M,2
1363,Stamford,Connecticut,3876.0,5.0,4.0,1100000.0,0-2M,2
1364,Stamford,Connecticut,1064.0,2.0,2.0,275000.0,0-2M,2
1365,Stamford,Connecticut,2064.0,4.0,2.0,629500.0,0-2M,2
1366,Stamford,Connecticut,918.0,2.0,2.0,350000.0,0-2M,2
1367,Stamford,Connecticut,1674.0,3.0,3.0,725000.0,0-2M,2
1368,Stamford,Connecticut,2172.0,3.0,3.0,829000.0,0-2M,2
1369,Stamford,Connecticut,1060.0,2.0,2.0,368000.0,0-2M,2
1370,Stamford,Connecticut,2098.0,3.0,4.0,615000.0,0-2M,2
1371,Stamford,Connecticut,1232.0,3.0,2.0,550000.0,0-2M,2
1372,Stamford,Connecticut,1074.0,3.0,1.0,480000.0,0-2M,2
1373,Stamford,Connecticut,1856.0,3.0,4.0,632000.0,0-2M,2
1374,Stamford,Connecticut,1666.0,4.0,2.0,589000.0,0-2M,2
1375,Stamford,Connecticut,18166.0,6.0,8.0,6495000.0,5M-10M,2
1376,Stamford,Connecticut,1131.0,4.0,2.0,489000.0,0-2M,2
1377,Stamford,Connecticut,1534.0,2.0,2.0,400000.0,0-2M,2
1378,Stamford,Connecticut,2390.0,4.0,3.0,959000.0,0-2M,2
1379,Stamford,Connecticut,1225.0,3.0,2.0,479000.0,0-2M,2
1380,Stamford,Connecticut,1939.0,4.0,2.0,625000.0,0-2M,2
1381,Stamford,Connecticut,550.0,1.0,1.0,139500.0,0-2M,2
1382,Stamford,Connecticut,2534.0,5.0,5.0,775000.0,0-2M,2
1383,Stamford,Connecticut,10692.0,6.0,5.0,1800000.0,0-2M,2
1384,Stamford,Connecticut,2660.0,6.0,3.0,635000.0,0-2M,2
1385,Stamford,Connecticut,2710.0,5.0,3.0,825000.0,0-2M,2
1386,Stamford,Connecticut,2297.0,3.0,2.0,749000.0,0-2M,2
1387,Stamford,Connecticut,3221.0,4.0,3.0,919000.0,0-2M,2
1388,Stamford,Connecticut,560.0,1.0,1.0,169900.0,0-2M,2
1389,Stamford,Connecticut,1419.0,2.0,2.0,759000.0,0-2M,2
1390,Stamford,Connecticut,3930.0,5.0,5.0,1500000.0,0-2M,2
1391,Stamford,Connecticut,1601.0,3.0,2.0,499000.0,0-2M,2
1392,Stamford,Connecticut,778.0,1.0,1.0,200000.0,0-2M,2
1393,Stamford,Connecticut,2138.0,3.0,2.0,649000.0,0-2M,2
1394,Stamford,Connecticut,1452.0,3.0,3.0,559990.0,0-2M,2
1395,Stamford,Connecticut,1836.0,4.0,2.0,575000.0,0-2M,2
1396,Stamford,Connecticut,2028.0,3.0,3.0,649000.0,0-2M,2
1397,Stamford,Connecticut,1900.0,3.0,3.0,450000.0,0-2M,2
1398,Stamford,Connecticut,6108.0,3.0,4.0,1775000.0,0-2M,2
1399,Stamford,Connecticut,4263.0,4.0,4.0,989000.0,0-2M,2
1400,Stamford,Connecticut,2464.0,5.0,3.0,795000.0,0-2M,2
1401,Stamford,Connecticut,2146.0,3.0,2.0,749000.0,0-2M,2
1402,Stamford,Connecticut,3200.0,5.0,5.0,1575000.0,0-2M,2
1403,Stamford,Connecticut,1368.0,3.0,3.0,575000.0,0-2M,2
1404,Stamford,Connecticut,1036.0,3.0,2.0,269000.0,0-2M,2
1405,Stamford,Connecticut,1267.0,2.0,2.0,425000.0,0-2M,2
1406,Stamford,Connecticut,836.0,1.0,1.0,220000.0,0-2M,2
1407,Stamford,Connecticut,2248.0,4.0,2.0,639000.0,0-2M,2
1408,Stamford,Connecticut,1930.0,3.0,2.0,599000.0,0-2M,2
1409,Stamford,Connecticut,3598.0,4.0,5.0,999000.0,0-2M,2
1410,Stamford,Connecticut,2760.0,5.0,4.0,695000.0,0-2M,2
1411,Stamford,Connecticut,5438.0,7.0,6.0,2195000.0,2M-5M,2
1412,Stamford,Connecticut,3365.0,5.0,4.0,959000.0,0-2M,2
1413,Stamford,Connecticut,1863.0,3.0,4.0,875000.0,0-2M,2
1414,Stamford,Connecticut,2132.0,4.0,2.0,1400000.0,0-2M,2
1415,Stamford,Connecticut,1356.0,2.0,3.0,699000.0,0-2M,2
1416,Stamford,Connecticut,1423.0,3.0,2.0,499000.0,0-2M,2
1417,Stamford,Connecticut,2232.0,4.0,3.0,699000.0,0-2M,2
1418,Stamford,Connecticut,3088.0,4.0,3.0,700000.0,0-2M,2
1419,Stamford,Connecticut,2448.0,4.0,3.0,775000.0,0-2M,2
1420,Stamford,Connecticut,1768.0,4.0,2.0,325000.0,0-2M,2
1421,Stamford,Connecticut,1290.0,3.0,1.0,325000.0,0-2M,2
1422,Stamford,Connecticut,1534.0,3.0,2.0,539000.0,0-2M,2
1423,Stamford,Connecticut,1635.0,3.0,2.0,535000.0,0-2M,2
1424,Stamford,Connecticut,1100.0,2.0,1.0,245000.0,0-2M,2
1425,Stamford,Connecticut,1458.0,4.0,2.0,499000.0,0-2M,2
1426,Stamford,Connecticut,2110.0,4.0,3.0,640000.0,0-2M,2
1427,Stamford,Connecticut,2499.0,4.0,2.0,725000.0,0-2M,2
1428,Stamford,Connecticut,2156.0,4.0,3.0,699000.0,0-2M,2
1429,Stamford,Connecticut,2506.0,4.0,3.0,749000.0,0-2M,2
1430,Stamford,Connecticut,2209.0,6.0,2.0,949900.0,0-2M,2
1431,Stamford,Connecticut,2065.0,4.0,2.0,750000.0,0-2M,2
1432,Stamford,Connecticut,2425.0,3.0,3.0,679000.0,0-2M,2
1433,Stamford,Connecticut,2280.0,4.0,3.0,719000.0,0-2M,2
1434,Stamford,Connecticut,1648.0,4.0,2.0,599000.0,0-2M,2
1435,Stamford,Connecticut,2067.0,4.0,3.0,675000.0,0-2M,2
1436,Stamford,Connecticut,1080.0,1.0,2.0,289900.0,0-2M,2
1437,Stamford,Connecticut,2386.0,5.0,3.0,765000.0,0-2M,2
1438,Stamford,Connecticut,1625.0,4.0,2.0,599000.0,0-2M,2
1439,Stamford,Connecticut,4084.0,4.0,5.0,1100000.0,0-2M,2
1440,Stamford,Connecticut,3933.0,5.0,3.0,1450000.0,0-2M,2
1441,Stamford,Connecticut,3055.0,3.0,4.0,1050000.0,0-2M,2
1442,Stamford,Connecticut,2861.0,3.0,4.0,1858000.0,0-2M,2
1443,Stamford,Connecticut,1624.0,3.0,1.0,499000.0,0-2M,2
1444,Stamford,Connecticut,2488.0,6.0,3.0,599000.0,0-2M,2
1445,Stamford,Connecticut,2380.0,4.0,4.0,675000.0,0-2M,2
1446,Stamford,Connecticut,2533.0,4.0,3.0,779000.0,0-2M,2
1447,Stamford,Connecticut,1556.0,4.0,3.0,799000.0,0-2M,2
1448,Stamford,Connecticut,1944.0,4.0,2.0,649000.0,0-2M,2
1449,Stamford,Connecticut,2720.0,6.0,4.0,899000.0,0-2M,2
1450,Stamford,Connecticut,790.0,1.0,1.0,220000.0,0-2M,2
1451,Stamford,Connecticut,3100.0,6.0,5.0,1285000.0,0-2M,2
1452,Stamford,Connecticut,14149.0,13.0,12.0,7995000.0,5M-10M,2
1453,Stamford,Connecticut,779.0,1.0,1.0,430000.0,0-2M,2
1454,Stamford,Connecticut,1632.0,3.0,2.0,485000.0,0-2M,2
1455,Stamford,Connecticut,2240.0,4.0,3.0,709000.0,0-2M,2
1456,Stamford,Connecticut,1967.0,3.0,2.0,450000.0,0-2M,2
1457,Stamford,Connecticut,886.0,3.0,1.0,265000.0,0-2M,2
1458,Stamford,Connecticut,3900.0,4.0,6.0,1675000.0,0-2M,2
1459,Stamford,Connecticut,2620.0,3.0,2.0,629900.0,0-2M,2
1460,Stamford,Connecticut,3575.0,3.0,3.0,750000.0,0-2M,2
1461,Stamford,Connecticut,1800.0,3.0,2.0,569000.0,0-2M,2
1462,Stamford,Connecticut,1428.0,3.0,2.0,547000.0,0-2M,2
1463,Stamford,Connecticut,2110.0,3.0,4.0,775000.0,0-2M,2
1464,Stamford,Connecticut,806.0,3.0,1.0,194500.0,0-2M,2
1465,Stamford,Connecticut,806.0,3.0,1.0,194500.0,0-2M,2
1466,Stamford,Connecticut,2162.0,4.0,4.0,929000.0,0-2M,2
1467,Stamford,Connecticut,1470.0,2.0,3.0,439900.0,0-2M,2
1468,Stamford,Connecticut,628.0,1.0,1.0,189000.0,0-2M,2
1469,Stamford,Connecticut,4300.0,4.0,5.0,1750000.0,0-2M,2
1470,Stamford,Connecticut,530.0,1.0,1.0,146000.0,0-2M,2
1471,Stamford,Connecticut,525.0,1.0,1.0,142000.0,0-2M,2
1472,Stamford,Connecticut,740.0,1.0,1.0,160000.0,0-2M,2
1473,Stamford,Connecticut,740.0,1.0,1.0,160000.0,0-2M,2
1474,Stamford,Connecticut,2479.0,4.0,4.0,629000.0,0-2M,2
1475,Stamford,Connecticut,1045.0,1.0,2.0,269500.0,0-2M,2
1476,Stamford,Connecticut,2492.0,4.0,3.0,560000.0,0-2M,2
1477,Stamford,Connecticut,1620.0,3.0,2.0,559000.0,0-2M,2
1478,Stamford,Connecticut,4097.0,4.0,4.0,999999.0,0-2M,2
1479,Stamford,Connecticut,2996.0,3.0,2.0,739000.0,0-2M,2
1480,Stamford,Connecticut,1679.0,4.0,2.0,639000.0,0-2M,2
1481,Stamford,Connecticut,2590.0,3.0,3.0,849000.0,0-2M,2
1482,Stamford,Connecticut,4141.0,4.0,5.0,1299000.0,0-2M,2
1483,Stamford,Connecticut,3304.0,4.0,4.0,1075000.0,0-2M,2
1484,Stamford,Connecticut,1496.0,3.0,3.0,550000.0,0-2M,2
1485,Stamford,Connecticut,845.0,2.0,2.0,180000.0,0-2M,2
1486,Stamford,Connecticut,670.0,1.0,1.0,185000.0,0-2M,2
1487,Stamford,Connecticut,2470.0,4.0,3.0,699000.0,0-2M,2
1488,Stamford,Connecticut,2276.0,3.0,2.0,600000.0,0-2M,2
1489,Stamford,Connecticut,1199.0,2.0,2.0,435000.0,0-2M,2
1490,Stamford,Connecticut,2344.0,5.0,3.0,699000.0,0-2M,2
1491,Stamford,Connecticut,828.0,1.0,1.0,305000.0,0-2M,2
1492,Stamford,Connecticut,3728.0,4.0,4.0,1449000.0,0-2M,2
1493,Stamford,Connecticut,1863.0,3.0,4.0,895000.0,0-2M,2
1494,Stamford,Connecticut,2087.0,4.0,3.0,2250000.0,2M-5M,2
1495,Stamford,Connecticut,5231.0,5.0,5.0,1575000.0,0-2M,2
1496,Stamford,Connecticut,1735.0,4.0,2.0,410000.0,0-2M,2
1497,Stamford,Connecticut,978.0,2.0,1.0,200000.0,0-2M,2
1498,Stamford,Connecticut,855.0,2.0,1.0,249500.0,0-2M,2
1499,Stamford,Connecticut,820.0,1.0,1.0,235000.0,0-2M,2
1500,Stamford,Connecticut,599.0,1.0,1.0,165000.0,0-2M,2
1501,Stamford,Connecticut,654.0,1.0,1.0,198900.0,0-2M,2
1502,Stamford,Connecticut,1145.0,2.0,2.0,299000.0,0-2M,2
1503,Stamford,Connecticut,880.0,2.0,1.0,269999.0,0-2M,2
1504,Stamford,Connecticut,975.0,2.0,2.0,329999.0,0-2M,2
1505,Stamford,Connecticut,1738.0,2.0,3.0,739000.0,0-2M,2
1506,Stamford,Connecticut,1106.0,1.0,2.0,450000.0,0-2M,2
1507,Stamford,Connecticut,3405.0,6.0,2.0,665000.0,0-2M,2
1508,Stamford,Connecticut,705.0,1.0,1.0,237800.0,0-2M,2
1509,Stamford,Connecticut,1038.0,2.0,2.0,415000.0,0-2M,2
1510,Stamford,Connecticut,1371.0,2.0,2.0,469000.0,0-2M,2
1511,Stamford,Connecticut,680.0,1.0,1.0,239000.0,0-2M,2
1512,Stamford,Connecticut,680.0,1.0,1.0,405000.0,0-2M,2
1513,Stamford,Connecticut,1436.0,2.0,3.0,678000.0,0-2M,2
1514,Stamford,Connecticut,1924.0,2.0,1.0,519000.0,0-2M,2
1515,Stamford,Connecticut,1617.0,3.0,2.0,569000.0,0-2M,2
1516,Stamford,Connecticut,1830.0,3.0,3.0,550000.0,0-2M,2
1517,Stamford,Connecticut,1952.0,4.0,2.0,635000.0,0-2M,2
1518,Stamford,Connecticut,2157.0,6.0,4.0,749000.0,0-2M,2
1519,Stamford,Connecticut,601.0,1.0,1.0,165000.0,0-2M,2
1520,Stamford,Connecticut,1336.0,2.0,2.0,339000.0,0-2M,2
1521,Stamford,Connecticut,825.0,2.0,1.0,219000.0,0-2M,2
1522,Stamford,Connecticut,8001.0,6.0,6.0,3900000.0,2M-5M,2
1523,Stamford,Connecticut,1624.0,2.0,2.0,375000.0,0-2M,2
1524,Stamford,Connecticut,1275.0,3.0,2.0,335000.0,0-2M,2
1525,Stamford,Connecticut,725.0,1.0,1.0,165000.0,0-2M,2
1526,Stamford,Connecticut,1372.0,3.0,3.0,425000.0,0-2M,2
1527,Stamford,Connecticut,2465.0,6.0,6.0,800000.0,0-2M,2
1528,Stamford,Connecticut,1376.0,2.0,3.0,475000.0,0-2M,2
1529,Stamford,Connecticut,1482.0,2.0,3.0,599990.0,0-2M,2
1530,Stamford,Connecticut,1600.0,2.0,2.0,508000.0,0-2M,2
1531,Stamford,Connecticut,1247.0,6.0,6.0,1199000.0,0-2M,2
1532,Stamford,Connecticut,2400.0,3.0,3.0,1025000.0,0-2M,2
1533,Stamford,Connecticut,1988.0,3.0,3.0,599000.0,0-2M,2
1534,Stamford,Connecticut,1470.0,2.0,3.0,625000.0,0-2M,2
1535,Stamford,Connecticut,4387.0,5.0,5.0,1850000.0,0-2M,2
1536,Stamford,Connecticut,2988.0,5.0,4.0,679000.0,0-2M,2
1537,Stamford,Connecticut,2626.0,4.0,3.0,739000.0,0-2M,2
1538,Stamford,Connecticut,3966.0,4.0,4.0,875000.0,0-2M,2
1539,Stamford,Connecticut,2898.0,4.0,4.0,975000.0,0-2M,2
1540,Stamford,Connecticut,3573.0,4.0,4.0,895000.0,0-2M,2
1541,Stamford,Connecticut,3906.0,4.0,4.0,789000.0,0-2M,2
1542,Stamford,Connecticut,3118.0,4.0,4.0,845000.0,0-2M,2
1543,Stamford,Connecticut,3002.0,4.0,3.0,795000.0,0-2M,2
1544,Stamford,Connecticut,5522.0,4.0,5.0,1599000.0,0-2M,2
1545,Stamford,Connecticut,8463.0,5.0,6.0,2100000.0,2M-5M,2
1546,Stamford,Connecticut,2192.0,4.0,3.0,787500.0,0-2M,2
1547,Stamford,Connecticut,10427.0,5.0,6.0,3200000.0,2M-5M,2
1548,Stamford,Connecticut,3432.0,6.0,4.0,885000.0,0-2M,2
1549,Stamford,Connecticut,3184.0,4.0,5.0,819000.0,0-2M,2
1550,Stamford,Connecticut,2800.0,5.0,3.0,899000.0,0-2M,2
1551,Stamford,Connecticut,9043.0,7.0,9.0,2995000.0,2M-5M,2
1552,Stamford,Connecticut,4540.0,4.0,5.0,1499000.0,0-2M,2
1553,Stamford,Connecticut,4198.0,5.0,5.0,1150000.0,0-2M,2
1554,Stamford,Connecticut,5254.0,4.0,7.0,1379000.0,0-2M,2
1555,Stamford,Connecticut,4416.0,5.0,4.0,1500000.0,0-2M,2
1556,Stamford,Connecticut,5272.0,5.0,5.0,1649000.0,0-2M,2
1557,Stamford,Connecticut,3340.0,3.0,3.0,1144899.0,0-2M,2
1558,Stamford,Connecticut,3100.0,4.0,5.0,1299000.0,0-2M,2
1559,Stamford,Connecticut,1715.0,2.0,2.0,312700.0,0-2M,2
1560,Stamford,Connecticut,1199.0,2.0,2.0,425000.0,0-2M,2
1561,Stamford,Connecticut,2636.0,2.0,4.0,550000.0,0-2M,2
1562,Stamford,Connecticut,819.0,2.0,1.0,249000.0,0-2M,2
1563,Stamford,Connecticut,1539.0,2.0,3.0,618000.0,0-2M,2
1564,Stamford,Connecticut,1492.0,3.0,3.0,610000.0,0-2M,2
1565,Stamford,Connecticut,1066.0,1.0,2.0,399000.0,0-2M,2
1566,Stamford,Connecticut,1365.0,2.0,2.0,449000.0,0-2M,2
1567,Stamford,Connecticut,1050.0,2.0,1.0,255000.0,0-2M,2
1568,Stamford,Connecticut,1355.0,2.0,2.0,360000.0,0-2M,2
1569,Stamford,Connecticut,1120.0,2.0,2.0,340000.0,0-2M,2
1570,Stamford,Connecticut,1646.0,2.0,2.0,380000.0,0-2M,2
1571,Stamford,Connecticut,2292.0,6.0,3.0,599999.0,0-2M,2
1572,Stamford,Connecticut,1451.0,2.0,3.0,390000.0,0-2M,2
1573,Stamford,Connecticut,1204.0,2.0,3.0,345000.0,0-2M,2
1574,Stamford,Connecticut,1150.0,2.0,2.0,360000.0,0-2M,2
1575,Stamford,Connecticut,1076.0,2.0,2.0,284900.0,0-2M,2
1576,Stamford,Connecticut,1064.0,2.0,2.0,319000.0,0-2M,2
1577,Stamford,Connecticut,1500.0,2.0,3.0,399000.0,0-2M,2
1578,Stamford,Connecticut,700.0,1.0,1.0,259000.0,0-2M,2
1579,Stamford,Connecticut,1031.0,2.0,2.0,349900.0,0-2M,2
1580,Stamford,Connecticut,1720.0,3.0,4.0,449999.0,0-2M,2
1581,Stamford,Connecticut,1738.0,3.0,3.0,469000.0,0-2M,2
1582,Stamford,Connecticut,1872.0,4.0,3.0,699000.0,0-2M,2
1583,Stamford,Connecticut,844.0,1.0,1.0,275000.0,0-2M,2
1584,Stamford,Connecticut,6000.0,5.0,5.0,1599999.0,0-2M,2
1585,Stamford,Connecticut,5787.0,6.0,7.0,3000000.0,2M-5M,2
1586,Stamford,Connecticut,3557.0,4.0,4.0,1049000.0,0-2M,2
1587,Stamford,Connecticut,427.0,1.0,1.0,116900.0,0-2M,2
1588,Stamford,Connecticut,1136.0,2.0,2.0,300000.0,0-2M,2
1589,Stamford,Connecticut,763.0,2.0,1.0,229000.0,0-2M,2
1590,Stamford,Connecticut,775.0,2.0,1.0,230000.0,0-2M,2
1591,Stamford,Connecticut,7712.0,7.0,10.0,4950000.0,2M-5M,2
1592,Stamford,Connecticut,1942.0,3.0,2.0,850000.0,0-2M,2
1593,Stamford,Connecticut,854.0,1.0,1.0,215000.0,0-2M,2
1594,Stamford,Connecticut,1749.0,3.0,3.0,479000.0,0-2M,2
1595,Stamford,Connecticut,1100.0,2.0,2.0,399900.0,0-2M,2
1596,Stamford,Connecticut,1450.0,2.0,3.0,395000.0,0-2M,2
1597,Stamford,Connecticut,875.0,2.0,1.0,245000.0,0-2M,2
1598,Stamford,Connecticut,5896.0,5.0,6.0,2199000.0,2M-5M,2
1599,Stamford,Connecticut,3861.0,4.0,5.0,1500000.0,0-2M,2
1600,Stamford,Connecticut,1700.0,3.0,2.0,350000.0,0-2M,2
1601,Stamford,Connecticut,1000.0,1.0,1.0,264900.0,0-2M,2
1602,Stamford,Connecticut,1038.0,2.0,2.0,299000.0,0-2M,2
1603,Stamford,Connecticut,1382.0,2.0,3.0,369900.0,0-2M,2
1604,Stamford,Connecticut,2120.0,3.0,3.0,495000.0,0-2M,2
1605,Stamford,Connecticut,1450.0,2.0,3.0,379000.0,0-2M,2
1606,Stamford,Connecticut,1095.0,2.0,1.0,349000.0,0-2M,2
1607,Stamford,Connecticut,940.0,1.0,1.0,284900.0,0-2M,2
1608,Stamford,Connecticut,650.0,1.0,1.0,235000.0,0-2M,2
1609,Stamford,Connecticut,1202.0,2.0,2.0,415000.0,0-2M,2
1610,Stamford,Connecticut,1650.0,3.0,2.0,425000.0,0-2M,2
1611,Stamford,Connecticut,710.0,1.0,1.0,225000.0,0-2M,2
1612,Stamford,Connecticut,1300.0,2.0,2.0,399999.0,0-2M,2
1613,Stamford,Connecticut,4468.0,5.0,5.0,1299000.0,0-2M,2
1614,Stamford,Connecticut,1064.0,2.0,2.0,399000.0,0-2M,2
1615,Stamford,Connecticut,610.0,1.0,1.0,220000.0,0-2M,2
1616,Stamford,Connecticut,1720.0,2.0,2.0,639000.0,0-2M,2
1617,Stamford,Connecticut,4381.0,6.0,5.0,1390000.0,0-2M,2
1618,Stamford,Connecticut,2086.0,3.0,4.0,695000.0,0-2M,2
1619,Stamford,Connecticut,1496.0,3.0,3.0,335000.0,0-2M,2
1620,Stamford,Connecticut,1240.0,2.0,2.0,260000.0,0-2M,2
1621,Stamford,Connecticut,1273.0,2.0,2.0,329000.0,0-2M,2
1622,Stamford,Connecticut,1864.0,2.0,3.0,479000.0,0-2M,2
1623,Stamford,Connecticut,1066.0,1.0,2.0,365000.0,0-2M,2
1624,Stamford,Connecticut,2381.0,4.0,4.0,735000.0,0-2M,2
1625,Stamford,Connecticut,2550.0,4.0,3.0,575000.0,0-2M,2
1626,Stamford,Connecticut,3139.0,4.0,3.0,899000.0,0-2M,2
1627,Stamford,Connecticut,3492.0,4.0,4.0,850000.0,0-2M,2
1628,Stamford,Connecticut,6442.0,10.0,10.0,10000000.0,5M-10M,2
1629,Stamford,Connecticut,3634.0,4.0,4.0,879000.0,0-2M,2
1630,Stamford,Connecticut,3987.0,4.0,4.0,975000.0,0-2M,2
1631,Stamford,Connecticut,3154.0,4.0,3.0,799000.0,0-2M,2
1632,Stamford,Connecticut,2736.0,4.0,3.0,849999.0,0-2M,2
1633,Stamford,Connecticut,3760.0,4.0,4.0,895000.0,0-2M,2
1634,Stamford,Connecticut,2384.0,5.0,4.0,1425000.0,0-2M,2
1635,Stamford,Connecticut,3739.0,4.0,4.0,1264000.0,0-2M,2
1636,Stamford,Connecticut,3790.0,4.0,4.0,879000.0,0-2M,2
1637,Stamford,Connecticut,4500.0,4.0,4.0,1649000.0,0-2M,2
1638,Stamford,Connecticut,3500.0,4.0,4.0,1199000.0,0-2M,2
1639,Stamford,Connecticut,5172.0,5.0,6.0,1699000.0,0-2M,2
1640,Stamford,Connecticut,4370.0,4.0,4.0,1199000.0,0-2M,2
1641,Stamford,Connecticut,5348.0,5.0,6.0,1985000.0,0-2M,2
1642,Stamford,Connecticut,5477.0,5.0,5.0,1500000.0,0-2M,2
1643,Stamford,Connecticut,5000.0,5.0,6.0,1595000.0,0-2M,2
1644,Stamford,Connecticut,1687.0,4.0,3.0,559000.0,0-2M,2
1645,Stamford,Connecticut,1895.0,3.0,3.0,686000.0,0-2M,2
1646,Stamford,Connecticut,5587.0,5.0,5.0,1850000.0,0-2M,2
1647,Stamford,Connecticut,3032.0,4.0,3.0,835000.0,0-2M,2
1648,Stamford,Connecticut,7801.0,4.0,5.0,1800000.0,0-2M,2
1649,Stamford,Connecticut,2478.0,3.0,3.0,769000.0,0-2M,2
1650,Stamford,Connecticut,3634.0,4.0,4.0,849000.0,0-2M,2
1651,Stamford,Connecticut,2308.0,3.0,3.0,740000.0,0-2M,2
1652,Stamford,Connecticut,2390.0,4.0,3.0,919000.0,0-2M,2
1653,Stamford,Connecticut,1617.0,3.0,2.0,549000.0,0-2M,2
1654,Stamford,Connecticut,3812.0,5.0,3.0,655000.0,0-2M,2
1655,Stamford,Connecticut,2020.0,3.0,2.0,629900.0,0-2M,2
1656,Stamford,Connecticut,2548.0,3.0,2.0,1015000.0,0-2M,2
1657,Stamford,Connecticut,1100.0,2.0,1.0,258000.0,0-2M,2
1658,Stamford,Connecticut,5385.0,6.0,5.0,1700000.0,0-2M,2
1659,Stamford,Connecticut,3020.0,4.0,2.0,570000.0,0-2M,2
1660,Stamford,Connecticut,1314.0,3.0,2.0,619900.0,0-2M,2
1661,Stamford,Connecticut,3193.0,4.0,4.0,799000.0,0-2M,2
1662,Stamford,Connecticut,3734.0,4.0,3.0,949000.0,0-2M,2
1663,Stamford,Connecticut,2584.0,3.0,3.0,799995.0,0-2M,2
